Temperature,Rainfall,Humidity,Soil_pH,Nitrogen,Phosphorus,Potassium,Altitude,Region,Crop
6.64,515.12,28.19,7.18,72.31,55.1,44.41,1636.93,0,Wheat
28.43,1939.3,79.37,6.55,90.91,40.92,69.46,326.6,1,Rice
27.65,1387.94,58.51,6.18,82.87,47.27,65.26,1237.62,1,Corn
31.14,795.24,49.28,6.86,62.29,47.34,33.61,452.15,0,Jowar
23.28,760.75,73.45,6.32,63.27,54.22,42.41,451.58,1,Corn
27.72,1243.93,69.43,7.22,93.95,56.8,52.33,1064.2,1,Corn
27.1,745.51,62.55,7.66,43.03,27.19,27.95,252.95,0,Jowar
13.26,245.65,43.72,6.58,52.46,42.18,44.15,2982.31,0,Wheat
24.88,1681.62,75.51,6.55,82.18,72.38,65.52,53.09,1,Rice
32.01,980.77,73.44,5.72,91.89,51.68,41.72,741.31,1,Corn
33.92,2267.34,83.78,6.16,94.54,49.57,40.88,505.13,1,Rice
25.28,992.07,75.55,5.68,69.14,61.77,42.07,677.09,1,Corn
33.75,667.74,47.43,7.87,51.36,34.98,37.7,348.1,0,Jowar
21.82,702.78,44.68,5.74,77.37,41.25,42.25,1280.99,1,Ragi
28.14,2077.09,85.57,5.77,81.44,71.61,64.84,424.29,1,Rice
27.59,1297.88,71.07,5.68,113.23,78.51,43.5,579.1,1,Rice
28.48,512.33,45.23,6.38,63.0,30.11,41.01,1368.19,1,Ragi
23.58,2428.12,81.12,5.62,92.77,68.81,43.18,354.17,1,Rice
20.78,485.46,28.99,6.7,65.57,50.58,45.71,841.77,0,Wheat
7.95,682.63,42.07,6.86,56.07,41.48,44.47,2579.26,0,Wheat
21.78,614.61,49.77,5.03,55.47,46.14,48.23,1392.6,1,Ragi
21.0,470.88,38.5,7.22,72.26,54.67,52.52,1143.55,0,Wheat
12.91,326.06,57.61,7.19,52.08,64.86,54.22,1151.58,0,Wheat
22.88,426.15,62.28,6.03,60.12,25.02,47.82,450.92,0,Jowar
17.53,716.84,35.98,6.31,90.35,56.09,60.17,838.69,0,Wheat
26.25,2449.77,83.75,5.74,116.0,60.34,76.62,488.31,1,Rice
32.33,525.81,29.59,7.28,37.18,46.09,45.16,32.27,0,Jowar
29.34,794.15,33.48,7.8,46.17,29.8,34.27,199.04,0,Jowar
24.95,1132.44,48.58,5.07,57.9,45.03,33.75,1499.55,1,Ragi
32.81,2368.93,74.43,6.22,110.56,65.08,67.16,468.33,1,Rice
18.02,769.2,59.94,5.2,55.69,46.86,60.7,1177.61,1,Ragi
34.08,901.45,37.5,6.64,37.55,34.19,20.02,330.02,0,Jowar
21.65,881.21,54.63,5.98,75.97,57.13,40.39,1341.25,1,Ragi
26.2,709.16,36.57,6.15,63.85,39.01,44.71,93.85,0,Jowar
22.4,935.88,62.48,7.93,47.5,27.58,32.27,177.1,0,Jowar
20.41,734.45,53.1,6.71,68.82,40.48,35.02,1369.09,1,Ragi
6.21,238.08,43.65,6.24,50.08,44.65,34.65,1151.59,0,Wheat
31.17,1352.57,60.47,6.06,82.64,62.1,70.25,462.35,1,Corn
26.75,876.99,62.22,7.24,42.57,37.04,28.3,444.35,0,Jowar
21.69,1730.34,67.94,6.2,101.72,40.83,44.01,326.04,1,Rice
33.29,2336.93,81.72,6.77,108.61,67.68,65.22,456.36,1,Rice
15.55,283.13,41.97,6.95,84.65,38.51,59.07,1321.43,0,Wheat
25.55,1285.52,78.52,6.54,85.19,55.76,58.66,225.5,1,Rice
29.32,651.85,59.57,6.76,63.0,31.79,49.44,668.28,1,Ragi
24.84,908.67,61.78,6.22,92.73,53.35,55.5,1476.79,1,Corn
21.82,787.34,46.7,6.36,40.82,36.45,20.86,60.66,0,Jowar
18.22,530.3,58.84,6.46,55.03,41.61,52.5,824.33,1,Ragi
33.85,884.78,62.56,7.97,30.88,38.99,32.69,432.98,0,Jowar
28.22,1390.22,69.73,6.08,107.66,64.05,55.46,604.09,1,Rice
12.81,260.19,58.88,7.4,78.5,47.13,34.0,2547.14,0,Wheat
25.73,984.51,63.49,7.43,71.43,58.54,52.32,370.61,1,Corn
21.79,1198.88,66.02,5.54,83.49,53.0,71.55,337.69,1,Rice
30.38,1325.21,60.79,7.06,71.1,50.26,43.64,1426.09,1,Corn
25.94,2425.14,67.89,6.15,115.08,73.79,47.56,482.71,1,Rice
23.17,759.94,32.61,7.74,69.01,27.77,33.87,14.72,0,Jowar
13.09,714.14,47.72,6.07,71.87,30.73,57.37,1523.54,0,Wheat
30.01,945.13,72.29,6.76,75.15,44.32,61.37,1326.34,1,Corn
21.11,282.59,33.71,7.37,57.98,54.47,49.16,988.95,0,Wheat
33.04,497.62,29.84,6.01,53.3,38.79,28.27,149.38,0,Jowar
29.42,2036.6,85.98,6.35,104.26,45.57,58.27,422.95,1,Rice
28.52,1004.67,68.38,6.88,80.51,54.27,59.35,968.94,1,Corn
29.42,813.42,44.13,5.97,77.83,39.44,55.89,1655.94,1,Ragi
8.65,351.4,35.02,6.88,71.64,38.1,33.35,1187.05,0,Wheat
20.86,987.24,50.6,7.11,56.24,34.92,20.97,306.23,0,Jowar
20.54,373.31,35.75,7.23,74.51,53.92,51.33,2872.28,0,Wheat
15.22,363.07,31.07,6.59,81.15,63.12,47.07,2224.75,0,Wheat
25.74,505.52,62.98,7.0,58.34,31.66,29.98,196.83,0,Jowar
28.99,1421.66,61.5,6.69,79.8,69.3,64.78,1392.59,1,Corn
32.7,2277.49,68.55,6.71,79.95,62.83,48.18,62.13,1,Rice
28.09,750.25,65.98,7.1,89.13,63.02,65.31,1414.52,1,Corn
28.71,1125.66,76.26,5.83,76.01,64.44,40.03,429.2,1,Corn
26.0,1935.33,84.26,5.71,103.45,60.37,45.91,375.85,1,Rice
18.87,1059.24,76.3,5.93,77.31,68.36,53.03,731.75,1,Corn
27.07,848.89,37.15,6.52,38.79,49.14,25.31,281.67,0,Jowar
27.41,1034.47,50.41,5.94,61.17,29.89,37.12,848.74,1,Ragi
31.02,2246.78,68.07,6.45,103.7,73.87,76.8,12.84,1,Rice
6.56,669.38,28.77,7.33,62.58,53.18,47.34,1608.62,0,Wheat
17.02,804.46,48.4,7.22,41.87,57.57,55.15,958.7,1,Ragi
33.46,2509.03,67.85,5.58,97.36,45.81,41.5,222.31,1,Rice
20.62,432.39,45.9,6.03,63.93,32.61,48.7,2602.7,0,Wheat
23.17,2342.4,77.04,6.5,110.42,59.17,42.71,314.62,1,Rice
30.35,911.32,35.88,6.1,66.08,30.07,24.49,240.42,0,Jowar
20.53,786.77,60.01,6.13,97.96,63.47,61.52,521.15,1,Corn
28.44,631.26,50.37,6.34,61.35,62.89,55.11,327.05,1,Corn
14.72,262.04,54.43,7.14,68.75,45.24,61.63,1436.8,0,Wheat
28.56,1198.32,66.58,6.89,79.46,48.24,41.03,981.86,1,Corn
12.7,762.32,42.93,6.89,71.2,56.68,50.85,1407.68,0,Wheat
22.33,1153.89,42.59,5.71,54.61,53.88,60.18,892.9,1,Ragi
32.84,1657.02,62.21,6.33,85.19,53.25,70.49,59.69,1,Rice
21.43,507.23,40.63,7.4,54.82,35.68,57.34,1364.38,0,Wheat
29.33,995.81,66.73,7.1,84.55,46.83,58.48,1054.83,1,Corn
21.61,389.85,50.95,6.8,74.19,43.67,63.67,2056.72,0,Wheat
29.74,2155.04,89.88,6.9,105.6,56.78,65.38,470.73,1,Rice
26.8,2066.51,67.3,6.0,115.96,51.13,58.31,529.15,1,Rice
21.56,342.74,37.12,7.52,67.51,32.57,36.94,875.71,0,Wheat
7.67,252.17,54.46,7.38,51.66,41.22,62.54,972.99,0,Wheat
24.43,658.47,61.08,7.17,44.58,55.67,47.48,749.28,1,Ragi
24.31,927.7,52.03,6.29,60.58,41.41,50.92,650.92,1,Corn
29.72,718.78,67.08,7.27,78.45,62.07,63.82,1180.54,1,Corn
15.52,481.64,28.34,7.5,72.34,54.7,44.42,2006.82,0,Wheat
23.07,998.24,65.37,7.13,37.66,30.06,33.31,160.38,0,Jowar
32.95,471.44,56.63,7.94,58.3,37.89,49.14,229.2,0,Jowar
30.13,902.03,49.31,6.81,52.44,58.18,42.3,1270.39,1,Ragi
25.83,1357.3,72.9,6.77,67.89,66.31,69.31,476.72,1,Corn
31.39,1912.75,63.39,5.88,81.23,59.24,52.54,363.94,1,Rice
30.59,627.31,43.9,7.56,68.24,23.62,32.44,238.64,0,Jowar
16.9,1058.37,67.9,5.97,66.12,43.5,43.73,978.38,1,Ragi
28.2,2253.9,85.47,6.81,117.87,58.04,53.56,357.32,1,Rice
25.72,1090.8,42.02,6.88,74.54,38.92,49.55,980.34,1,Ragi
21.28,913.95,48.45,7.09,51.21,35.07,45.61,1415.19,1,Ragi
29.78,1136.99,48.8,7.08,61.77,44.55,40.12,1304.08,1,Ragi
30.65,670.17,79.11,6.08,76.06,43.27,43.88,1177.26,1,Corn
23.87,502.51,61.93,6.01,46.25,19.81,33.67,242.1,0,Jowar
5.98,491.79,52.62,6.85,77.67,49.15,65.79,930.88,0,Wheat
22.92,958.88,63.24,5.98,65.42,34.24,57.7,1056.84,1,Ragi
24.55,2244.43,64.04,6.0,114.04,45.83,42.94,287.07,1,Rice
32.14,512.94,31.63,7.28,69.99,30.57,24.19,291.51,0,Jowar
24.28,463.61,34.59,7.65,32.98,40.72,29.13,445.3,0,Jowar
26.7,2348.44,65.33,6.24,95.58,39.93,70.91,33.46,1,Rice
15.61,730.21,36.2,6.9,56.79,55.4,56.86,906.64,0,Wheat
16.18,732.12,25.13,7.27,70.2,51.32,32.77,1747.47,0,Wheat
28.12,495.53,56.81,6.82,41.93,32.21,35.87,180.97,0,Jowar
27.59,609.08,40.24,7.96,37.77,44.53,50.43,19.04,0,Jowar
25.65,1187.03,52.36,5.34,67.7,52.43,47.81,853.72,1,Ragi
26.28,1489.47,68.13,6.89,100.2,59.64,71.41,102.53,1,Rice
28.55,1234.78,53.17,5.58,94.18,41.77,43.82,320.28,1,Corn
27.63,564.22,54.71,6.59,73.75,53.91,38.72,1733.1,1,Ragi
21.37,934.77,42.05,7.1,44.09,23.58,37.48,260.62,0,Jowar
33.63,818.03,42.42,7.41,30.91,31.12,31.72,78.72,0,Jowar
22.65,2072.5,69.97,6.86,115.94,53.29,76.32,600.49,1,Rice
14.67,581.27,41.31,7.0,54.83,58.45,33.51,1667.9,0,Wheat
13.27,556.85,56.01,6.59,64.79,29.71,51.06,861.37,0,Wheat
15.29,939.38,47.33,5.11,48.42,53.51,55.0,1174.19,1,Ragi
28.18,884.35,55.86,5.48,46.39,57.32,39.66,1044.77,1,Ragi
23.93,465.93,51.85,6.13,34.58,38.82,29.66,348.72,0,Jowar
23.06,1455.21,68.23,6.66,69.49,41.54,68.5,677.9,1,Corn
5.86,787.2,54.13,6.2,87.07,45.91,43.15,1815.64,0,Wheat
17.43,404.26,49.18,6.53,65.65,48.88,62.42,1030.95,0,Wheat
6.66,711.68,24.95,7.32,50.7,56.46,42.6,2423.47,0,Wheat
29.67,615.37,65.6,6.93,67.07,60.06,43.09,523.26,1,Corn
23.26,729.6,60.86,6.74,81.22,46.49,49.87,1032.35,1,Corn
27.03,2389.66,89.51,5.56,110.01,54.58,55.41,449.69,1,Rice
20.16,390.3,49.51,7.14,56.5,44.31,47.19,1585.45,0,Wheat
21.82,968.88,50.66,6.75,61.41,28.49,41.57,27.53,0,Jowar
18.47,1022.12,76.59,6.22,97.34,58.95,68.05,1208.88,1,Corn
28.99,1004.72,57.33,7.18,41.1,37.12,43.36,866.46,1,Ragi
21.7,873.89,45.8,6.94,57.43,38.67,31.85,873.09,1,Ragi
18.05,1325.98,60.41,6.65,62.41,44.88,66.32,1026.76,1,Corn
29.87,1349.39,79.55,5.97,106.35,42.05,46.26,506.06,1,Rice
24.69,1889.23,77.35,6.36,83.0,74.66,50.18,73.29,1,Rice
10.12,522.94,55.37,7.08,75.68,47.9,40.99,1067.7,0,Wheat
21.65,675.88,56.22,6.5,48.47,49.26,40.09,415.63,0,Jowar
26.91,597.86,43.85,6.61,47.8,32.87,34.95,1707.92,1,Ragi
27.56,747.11,57.34,7.3,53.89,32.05,33.91,204.19,0,Jowar
33.68,2425.85,76.8,6.02,110.72,49.52,62.04,209.97,1,Rice
32.54,1833.29,63.88,5.7,107.97,57.58,48.39,298.61,1,Rice
23.82,595.65,57.82,6.93,56.81,56.76,49.83,1682.78,1,Ragi
14.08,266.64,51.62,6.85,89.43,37.27,52.07,1274.07,0,Wheat
19.7,863.68,60.4,5.68,69.11,31.32,31.25,1061.25,1,Ragi
10.56,374.01,43.34,6.12,54.73,36.17,57.13,1930.63,0,Wheat
25.92,1035.2,43.25,5.88,52.91,33.19,52.6,1435.17,1,Ragi
28.82,488.95,55.29,6.59,47.83,37.51,24.67,366.12,0,Jowar
25.49,1846.18,67.13,7.0,118.51,42.07,68.72,560.11,1,Rice
27.26,551.69,39.0,6.06,44.31,43.98,45.34,116.39,0,Jowar
13.3,239.02,26.02,6.76,59.01,32.73,44.23,2807.26,0,Wheat
20.48,1276.34,52.39,6.52,62.05,50.36,57.7,963.97,1,Corn
8.52,315.54,49.01,7.34,87.2,53.53,49.39,1539.08,0,Wheat
26.19,1114.33,52.7,6.33,72.48,71.08,50.35,1372.4,1,Corn
23.49,1730.93,85.1,6.07,102.73,63.41,47.28,216.37,1,Rice
14.29,432.58,25.17,7.1,80.25,56.27,42.2,1950.27,0,Wheat
28.83,756.26,42.4,7.8,49.56,33.57,49.55,242.98,0,Jowar
20.68,575.24,62.58,5.8,72.59,44.13,45.41,1541.97,1,Ragi
19.94,650.86,43.99,6.98,79.85,40.07,59.55,2902.88,0,Wheat
14.3,254.92,38.17,6.47,71.38,53.1,54.58,1100.45,0,Wheat
27.52,1198.13,48.27,7.44,57.97,40.91,31.99,668.14,1,Ragi
30.57,655.11,77.16,6.89,72.08,50.98,61.48,1014.37,1,Corn
19.99,893.84,41.88,5.12,69.36,43.69,38.05,832.1,1,Ragi
21.96,812.98,56.16,5.76,81.5,57.79,60.8,1112.58,1,Corn
27.83,596.61,64.76,7.35,47.34,29.09,42.61,127.83,0,Jowar
17.5,761.15,51.41,7.54,65.95,60.49,55.75,2334.42,0,Wheat
29.36,1449.84,67.11,5.73,85.22,64.47,43.91,518.32,1,Corn
23.53,536.66,44.17,6.56,48.25,45.08,46.3,939.79,1,Ragi
20.2,788.02,40.75,7.44,79.51,32.86,54.25,2314.61,0,Wheat
35.11,909.55,33.04,6.71,51.28,31.08,42.65,429.54,0,Jowar
25.05,766.84,42.71,7.86,50.94,42.21,21.26,178.47,0,Jowar
21.44,1103.08,57.6,5.35,48.02,48.01,60.0,989.08,1,Ragi
11.48,415.84,54.14,6.02,82.21,50.2,64.71,2098.74,0,Wheat
8.85,572.39,25.38,6.73,75.7,62.09,43.3,2482.96,0,Wheat
35.22,584.8,62.25,7.9,59.26,49.57,33.57,492.81,0,Jowar
22.32,758.05,75.66,6.3,75.77,44.98,51.37,1344.76,1,Corn
27.35,989.21,53.69,5.13,56.94,43.98,57.76,1368.38,1,Ragi
24.83,1350.93,86.06,6.17,114.55,76.17,42.94,534.52,1,Rice
20.25,1103.49,54.72,6.73,97.9,46.25,63.32,331.99,1,Corn
28.31,2272.0,69.82,5.75,108.13,72.8,43.79,141.56,1,Rice
22.65,1351.05,63.36,6.47,109.59,63.16,78.32,223.21,1,Rice
28.94,938.53,52.1,7.06,64.21,34.11,48.71,1706.94,1,Ragi
20.34,729.77,54.86,7.58,37.93,27.97,35.5,166.51,0,Jowar
25.59,693.18,43.12,7.29,66.65,25.32,31.84,74.42,0,Jowar
21.0,588.37,67.35,6.88,49.12,46.65,50.57,1718.81,1,Ragi
30.9,1293.93,68.93,7.19,61.74,53.03,68.82,1214.94,1,Corn
5.2,376.82,45.81,6.9,81.64,48.08,48.2,2399.37,0,Wheat
26.95,623.71,43.18,7.21,53.54,50.4,30.64,1426.86,1,Ragi
22.8,2237.21,66.85,6.31,114.96,65.87,61.16,192.97,1,Rice
22.8,847.93,58.59,5.55,72.97,38.21,49.76,608.66,1,Ragi
20.53,1058.67,64.35,5.95,57.82,38.74,57.62,738.76,1,Ragi
28.25,1285.03,83.72,6.92,93.48,75.85,53.21,561.66,1,Rice
30.27,1489.18,54.98,5.73,65.05,59.37,59.38,1312.86,1,Corn
21.48,1338.29,50.58,6.27,73.41,47.62,66.43,1191.86,1,Corn
21.77,408.49,61.13,6.49,59.15,44.31,45.75,495.56,0,Jowar
25.94,2159.01,78.92,6.76,105.45,62.16,43.18,214.91,1,Rice
8.31,587.4,51.39,7.4,76.27,64.22,42.33,1572.46,0,Wheat
23.64,1396.58,64.12,6.46,87.21,53.78,75.83,283.93,1,Rice
26.42,1261.09,62.62,6.25,89.62,72.7,39.87,220.24,1,Rice
22.02,1528.53,82.35,5.69,100.72,48.15,40.02,140.11,1,Rice
18.09,1036.9,45.56,5.19,58.27,29.83,32.07,1564.44,1,Ragi
17.27,512.93,53.68,7.3,74.02,54.1,47.94,1632.9,0,Wheat
27.6,790.96,59.76,6.84,45.28,42.11,36.66,27.31,0,Jowar
33.11,1836.58,70.31,6.7,98.5,47.64,74.5,532.51,1,Rice
25.74,548.86,52.58,5.29,64.58,58.2,49.9,692.64,1,Ragi
27.4,608.09,56.09,5.63,82.22,62.29,42.92,1302.01,1,Corn
20.79,781.92,40.66,7.75,42.78,41.56,41.19,120.36,0,Jowar
29.87,2201.86,79.06,6.29,81.29,78.48,71.69,173.11,1,Rice
21.64,1053.96,54.86,7.0,63.56,40.6,54.64,889.31,1,Ragi
28.97,491.41,48.08,7.17,41.28,20.63,20.69,8.92,0,Jowar
14.03,511.8,27.59,7.4,57.71,48.91,58.54,1278.13,0,Wheat
13.55,607.33,32.35,6.82,63.8,49.15,58.05,2498.82,0,Wheat
19.76,759.82,59.09,5.1,39.43,40.45,49.61,819.07,1,Ragi
25.35,1898.31,78.71,5.88,85.14,73.11,79.09,312.51,1,Rice
15.88,236.42,45.66,7.38,83.32,31.91,64.31,2332.58,0,Wheat
28.66,2455.46,80.89,6.03,109.81,44.63,39.02,100.69,1,Rice
10.04,747.91,27.86,7.44,73.83,53.99,43.8,2529.72,0,Wheat
29.14,1309.07,73.89,6.23,86.84,77.97,74.14,402.82,1,Rice
14.7,456.6,39.26,7.23,67.21,31.53,32.64,2689.81,0,Wheat
27.97,1196.38,73.64,6.0,84.24,53.48,63.15,667.92,1,Corn
6.01,433.82,35.55,6.15,59.91,59.74,39.28,2357.81,0,Wheat
25.89,1519.64,75.19,6.3,93.88,53.89,72.88,470.93,1,Rice
27.75,841.64,49.49,7.86,45.12,33.91,22.66,304.51,0,Jowar
30.24,789.99,30.03,6.8,42.09,39.26,25.66,287.23,0,Jowar
22.65,1496.68,55.03,6.54,92.17,53.28,54.35,1486.66,1,Corn
16.05,848.22,67.8,6.54,62.48,37.91,40.71,1626.59,1,Ragi
28.16,736.88,53.17,7.19,69.9,28.53,38.02,1090.32,1,Ragi
31.25,653.16,76.87,6.11,79.89,52.59,45.08,729.01,1,Corn
20.15,954.89,42.1,7.24,44.85,39.88,54.52,1317.26,1,Ragi
27.25,543.01,31.0,6.51,51.7,32.27,34.33,499.04,0,Jowar
25.86,1475.55,80.12,5.74,94.33,55.23,51.86,1038.02,1,Corn
25.67,1366.17,71.77,5.96,93.54,50.47,42.81,22.0,1,Rice
21.37,940.22,39.56,7.2,68.31,40.92,33.01,350.55,0,Jowar
14.97,483.31,31.18,6.04,74.81,62.51,34.0,1266.87,0,Wheat
33.24,459.77,33.18,7.72,39.47,40.7,36.92,422.83,0,Jowar
21.25,678.64,52.24,6.16,88.75,57.06,41.9,1310.9,1,Corn
35.18,979.26,62.55,7.66,70.58,24.85,29.85,266.48,0,Jowar
26.32,2308.14,82.15,5.65,97.57,41.45,59.52,400.31,1,Rice
30.75,704.88,44.71,6.79,57.3,35.97,46.6,448.64,0,Jowar
28.89,1112.4,48.29,6.04,58.71,60.89,36.97,1574.47,1,Ragi
21.02,1258.63,72.62,6.34,71.73,54.01,42.69,354.03,1,Corn
24.21,546.87,41.32,6.53,50.07,32.94,35.11,333.74,0,Jowar
30.48,564.14,44.35,6.84,53.45,36.98,32.63,640.72,1,Ragi
24.64,868.29,59.92,6.69,64.56,37.59,30.78,1142.78,1,Ragi
14.47,693.61,45.98,7.53,70.19,56.3,59.05,1900.1,0,Wheat
19.59,1153.03,77.51,7.46,73.55,57.0,64.72,431.25,1,Corn
24.76,1418.15,65.2,6.73,107.01,61.19,54.62,529.02,1,Rice
5.11,618.37,49.52,6.16,72.18,49.47,53.47,983.69,0,Wheat
22.38,1879.08,75.63,6.44,108.17,78.45,60.07,187.93,1,Rice
17.36,661.31,51.72,6.87,66.2,65.51,66.53,1457.78,1,Corn
30.9,742.0,44.35,6.71,56.45,47.81,35.96,423.15,0,Jowar
26.43,803.07,77.16,7.5,64.19,66.35,52.2,933.73,1,Corn
34.15,2054.26,77.65,5.72,106.73,46.36,55.16,102.41,1,Rice
23.89,1183.51,78.11,6.81,87.76,75.77,41.09,547.5,1,Rice
23.16,1562.31,83.88,7.05,87.09,58.14,74.08,143.23,1,Rice
32.71,807.85,39.16,7.37,61.51,29.08,20.95,465.11,0,Jowar
24.1,1285.3,62.8,6.88,91.57,70.43,51.04,800.01,1,Corn
15.91,385.33,55.07,6.14,50.57,36.67,39.38,1042.12,0,Wheat
22.86,730.29,53.41,6.63,70.69,37.55,42.75,928.87,1,Ragi
5.89,758.81,46.69,7.22,65.92,46.89,60.78,1716.41,0,Wheat
8.17,364.55,48.72,7.37,56.31,32.33,60.3,2808.04,0,Wheat
10.94,390.84,50.7,6.46,52.51,43.34,55.51,1521.94,0,Wheat
29.78,953.44,46.2,5.28,73.53,48.04,49.23,1544.56,1,Ragi
22.53,596.34,56.33,6.99,69.16,33.79,33.65,913.5,1,Ragi
23.73,851.89,59.13,5.76,92.8,40.66,49.75,513.08,1,Corn
24.89,1947.64,74.55,6.98,105.29,54.62,45.2,97.1,1,Rice
21.81,350.32,41.44,6.53,64.14,59.42,56.06,2982.11,0,Wheat
24.17,1006.5,57.82,6.44,99.66,66.53,45.37,345.91,1,Corn
15.97,494.2,65.33,5.56,47.15,51.21,38.73,1198.52,1,Ragi
22.22,761.8,73.99,7.42,76.91,68.82,64.96,879.7,1,Corn
29.43,748.35,58.55,6.17,86.34,62.93,62.71,914.05,1,Corn
28.71,2201.74,75.49,6.77,101.91,62.32,74.95,240.95,1,Rice
23.79,1205.08,78.67,6.16,84.99,78.06,60.93,142.58,1,Rice
11.95,632.22,51.17,7.44,54.43,37.95,33.62,2721.8,0,Wheat
23.89,2055.94,87.22,6.32,101.87,50.53,70.11,105.58,1,Rice
28.99,1871.45,77.13,6.61,110.85,67.61,77.11,0.0,1,Rice
21.58,1046.37,54.84,6.32,68.38,51.77,52.07,1500.43,1,Corn
19.84,1506.71,58.05,5.92,82.16,56.84,53.92,1233.5,1,Corn
25.8,1449.3,49.97,6.96,97.34,65.19,44.36,685.42,1,Corn
13.72,360.5,57.81,6.69,55.19,45.2,34.5,1906.12,0,Wheat
27.63,723.79,54.29,6.84,69.07,60.52,37.66,1403.8,1,Ragi
26.64,2365.09,83.83,6.97,109.61,55.36,63.25,392.89,1,Rice
32.24,2224.42,62.63,6.24,82.15,61.88,57.56,531.58,1,Rice
17.1,755.82,27.5,6.14,64.6,39.21,40.34,1297.46,0,Wheat
11.99,745.57,30.38,6.39,51.83,57.38,51.3,1488.22,0,Wheat
15.46,1088.49,69.44,5.34,49.56,56.25,58.0,1105.56,1,Ragi
16.47,873.75,64.8,6.42,66.87,39.93,31.54,1137.14,1,Ragi
32.22,1987.7,74.82,6.14,94.96,77.85,73.89,585.7,1,Rice
10.45,381.01,32.75,6.89,84.89,40.0,35.78,2637.37,0,Wheat
20.17,687.23,76.78,7.48,65.93,41.21,49.47,849.77,1,Corn
20.1,832.34,58.44,7.17,66.55,43.07,54.63,1687.17,1,Ragi
15.83,685.75,36.35,6.04,87.87,38.16,33.37,1602.8,0,Wheat
29.67,887.51,40.39,7.13,59.2,24.6,44.99,308.73,0,Jowar
31.68,1476.74,68.64,6.37,79.03,60.07,42.64,689.94,1,Corn
23.39,514.58,45.07,7.32,40.68,20.45,35.66,303.75,0,Jowar
26.76,1317.13,77.1,5.55,98.25,61.45,51.21,351.98,1,Rice
29.49,858.68,39.75,6.38,70.85,39.84,50.75,181.97,0,Jowar
14.68,288.87,52.38,6.5,73.57,54.99,61.06,2638.17,0,Wheat
29.71,1011.03,78.59,6.43,91.37,55.07,47.9,549.85,1,Corn
26.99,598.22,48.2,6.18,67.56,31.22,28.9,339.63,0,Jowar
20.6,1011.89,61.77,7.82,57.94,31.39,47.86,156.24,0,Jowar
14.71,766.83,46.26,7.02,52.32,54.05,29.24,961.58,1,Ragi
21.75,914.7,52.73,6.35,99.18,49.76,66.19,1310.83,1,Corn
19.19,797.76,61.31,5.82,79.03,53.63,68.17,815.34,1,Corn
14.9,234.22,34.07,6.96,84.57,62.23,47.65,2001.38,0,Wheat
28.84,972.17,55.61,7.39,81.43,65.66,50.35,703.25,1,Corn
34.49,1950.66,79.21,6.18,92.12,53.41,67.16,454.02,1,Rice
17.49,614.25,29.9,6.46,56.53,60.41,57.04,1252.37,0,Wheat
31.65,1537.35,83.68,6.11,105.21,42.83,63.96,261.11,1,Rice
31.58,1399.58,73.78,6.56,89.1,65.1,66.13,92.32,1,Rice
23.96,567.26,39.28,7.7,30.97,22.08,28.01,97.88,0,Jowar
24.43,595.02,49.45,5.51,76.59,52.97,50.45,962.72,1,Ragi
9.24,371.15,56.67,6.71,66.03,55.56,62.07,857.37,0,Wheat
21.77,747.68,56.79,5.24,70.87,47.87,36.0,829.88,1,Ragi
16.25,621.91,32.93,6.48,87.91,41.96,55.49,1784.62,0,Wheat
23.01,1061.92,68.3,6.97,63.41,44.31,30.71,1776.27,1,Ragi
26.1,661.88,65.21,5.23,43.9,58.61,49.45,1608.65,1,Ragi
19.06,1192.68,69.54,5.64,55.12,57.66,59.8,1140.11,1,Ragi
24.21,1507.39,74.17,7.46,82.16,55.27,63.72,1366.94,1,Corn
19.17,516.09,57.15,5.57,53.75,31.27,33.27,946.11,1,Ragi
22.74,1838.83,87.83,5.66,110.61,56.41,66.23,156.35,1,Rice
15.68,657.09,54.56,7.15,64.35,65.01,45.34,855.11,0,Wheat
32.1,2273.3,66.22,6.33,80.81,42.54,78.7,183.47,1,Rice
22.99,2113.14,89.99,5.87,86.41,45.34,52.61,65.43,1,Rice
25.96,529.56,46.69,7.73,57.73,36.89,22.17,341.96,0,Jowar
10.38,504.33,26.31,7.41,55.31,61.31,32.63,2606.82,0,Wheat
18.99,1110.68,66.7,7.2,99.75,55.18,50.29,522.45,1,Corn
22.08,2273.96,88.3,6.66,112.44,48.54,77.29,106.76,1,Rice
17.95,610.65,30.69,6.15,82.48,56.48,40.75,2240.99,0,Wheat
28.42,962.73,30.4,7.5,66.44,24.4,23.1,214.4,0,Jowar
26.06,1151.63,63.16,6.49,48.12,50.29,48.99,1325.87,1,Ragi
13.48,341.94,45.58,6.66,67.75,42.62,30.51,1947.83,0,Wheat
27.81,1773.97,77.04,6.57,109.31,47.68,60.82,255.35,1,Rice
18.15,224.63,27.23,6.43,69.62,43.59,30.94,2900.18,0,Wheat
31.09,927.13,49.59,6.05,63.72,42.38,41.62,1004.89,1,Corn
33.58,901.16,56.6,6.77,49.39,33.41,27.08,247.29,0,Jowar
23.8,2077.65,65.06,6.27,82.42,57.05,69.28,198.87,1,Rice
24.81,829.35,52.09,5.88,63.05,46.8,34.38,1161.43,1,Ragi
31.38,1165.77,74.65,6.81,93.79,68.48,48.33,505.05,1,Corn
13.04,517.9,26.84,6.12,61.35,49.73,56.58,2137.99,0,Wheat
27.96,1958.44,84.16,6.0,106.24,62.04,50.1,521.33,1,Rice
29.22,930.08,65.19,6.78,44.71,52.22,38.39,1368.34,1,Ragi
8.18,379.0,27.34,6.57,66.43,59.01,53.68,1769.03,0,Wheat
8.81,498.68,40.73,6.98,88.73,34.56,46.44,1229.57,0,Wheat
29.4,1120.71,70.31,7.41,74.18,52.25,63.01,1048.36,1,Corn
21.93,733.82,52.4,6.37,44.7,47.78,26.78,328.02,0,Jowar
23.56,842.36,47.78,4.99,58.56,37.71,51.18,620.12,1,Ragi
29.39,1994.68,78.65,5.88,79.4,77.8,49.23,397.58,1,Rice
19.56,754.28,42.02,7.47,41.61,49.67,43.31,1738.93,1,Ragi
26.01,2185.5,78.76,5.75,85.35,42.86,65.33,447.85,1,Rice
16.4,932.4,53.22,6.94,48.54,34.75,42.01,1710.07,1,Ragi
15.69,788.86,43.88,5.43,46.56,40.58,30.51,1067.14,1,Ragi
15.22,777.25,37.15,6.57,53.09,51.47,56.11,2510.2,0,Wheat
30.56,2237.98,75.18,6.91,80.25,58.98,67.52,505.44,1,Rice
25.69,433.94,40.84,7.07,46.82,28.55,24.27,412.89,0,Jowar
28.0,1898.49,66.46,6.93,115.82,68.51,60.96,518.26,1,Rice
24.06,1211.23,51.63,7.21,90.42,46.9,62.58,310.58,1,Corn
15.68,740.74,50.15,6.52,73.51,40.89,64.98,2447.57,0,Wheat
27.92,2168.18,60.92,5.87,108.27,75.63,60.29,317.5,1,Rice
11.81,302.51,30.54,6.46,54.07,55.39,33.88,1260.16,0,Wheat
30.33,1128.72,73.9,6.35,64.12,52.73,53.44,958.34,1,Corn
30.7,1471.56,57.64,5.92,62.88,56.63,40.18,792.04,1,Corn
21.79,924.38,65.96,7.04,76.12,32.77,51.74,777.75,1,Ragi
14.19,589.54,36.94,6.34,73.72,46.75,45.0,2293.11,0,Wheat
13.05,641.13,48.55,6.14,71.93,62.78,34.34,2664.96,0,Wheat
21.81,1434.55,53.97,6.08,78.13,64.38,50.99,1177.5,1,Corn
23.41,805.07,53.18,7.19,81.28,65.14,64.24,631.47,1,Corn
23.16,675.84,58.13,7.19,34.23,36.68,41.32,398.71,0,Jowar
22.69,715.02,57.15,5.81,41.5,38.11,30.15,1773.57,1,Ragi
17.87,712.74,56.06,6.15,65.51,55.23,48.64,1231.34,0,Wheat
17.63,691.25,75.75,6.37,60.45,67.02,64.6,1187.88,1,Corn
20.12,579.03,43.68,7.34,68.99,34.76,41.65,1320.47,1,Ragi
28.16,632.86,48.2,5.71,54.59,41.47,46.01,788.56,1,Ragi
22.28,735.98,66.58,6.44,87.89,52.4,49.32,643.77,1,Corn
22.62,1142.82,44.63,6.62,49.66,34.93,50.73,1314.71,1,Ragi
21.0,1329.36,52.41,6.12,86.92,38.21,57.49,1252.67,1,Corn
6.21,389.61,39.48,6.8,64.34,57.28,31.01,1746.19,0,Wheat
16.68,423.28,33.9,5.99,77.82,58.54,43.18,2034.82,0,Wheat
16.8,842.14,57.93,6.36,43.98,32.07,33.52,1306.3,1,Ragi
16.55,1103.46,58.81,5.4,56.78,38.34,51.83,1141.32,1,Ragi
21.0,970.16,46.88,6.91,63.77,37.41,40.05,1511.25,1,Ragi
32.56,941.84,39.84,7.7,60.08,47.14,26.59,280.62,0,Jowar
25.52,945.21,69.59,5.59,63.99,54.33,49.46,648.5,1,Corn
13.81,322.77,32.22,7.45,78.32,58.0,48.72,2703.25,0,Wheat
31.82,1795.85,68.67,6.85,84.63,78.23,52.55,532.93,1,Rice
22.11,646.07,68.76,6.78,77.9,42.56,44.0,1674.97,1,Ragi
21.46,746.5,39.06,6.14,46.33,36.06,29.29,354.53,0,Jowar
31.24,1245.73,86.24,6.75,105.45,62.89,74.85,102.77,1,Rice
34.98,569.3,53.41,6.35,53.26,47.15,29.64,335.45,0,Jowar
20.65,1135.43,62.59,6.25,79.13,43.69,31.48,912.05,1,Ragi
24.54,785.85,62.75,6.33,67.37,43.03,52.13,1591.17,1,Ragi
28.91,478.58,63.21,6.31,40.4,37.68,43.86,319.04,0,Jowar
19.64,515.64,43.31,6.35,72.05,48.65,42.39,2964.49,0,Wheat
32.82,2220.28,83.27,5.79,84.2,68.4,55.18,263.83,1,Rice
25.53,916.02,52.87,6.67,56.84,20.25,41.73,240.14,0,Jowar
26.18,1239.15,58.72,7.14,83.06,50.96,56.01,984.94,1,Corn
25.39,645.44,50.66,5.97,78.55,58.3,53.67,886.6,1,Ragi
18.2,659.22,60.77,6.03,77.99,33.16,45.83,1707.1,1,Ragi
8.27,595.77,60.13,6.95,52.01,30.99,41.6,1234.58,0,Wheat
26.16,532.95,42.66,6.57,37.35,42.51,27.77,229.14,0,Jowar
30.09,1517.02,63.48,5.74,90.49,46.86,47.89,175.37,1,Rice
19.04,799.8,56.53,6.04,73.62,51.75,53.57,428.16,1,Corn
31.11,1999.99,71.56,5.85,120.46,58.78,68.15,90.57,1,Rice
22.8,1913.59,88.76,6.28,104.69,67.51,57.86,373.33,1,Rice
27.29,1980.1,87.46,5.84,83.61,47.06,74.64,379.13,1,Rice
10.66,307.8,39.89,7.01,76.19,43.95,52.03,2595.86,0,Wheat
28.03,586.46,61.41,5.25,64.64,40.49,53.48,878.54,1,Ragi
26.4,1565.53,78.59,6.82,118.85,44.89,46.85,573.39,1,Rice
23.65,991.95,52.7,5.58,88.48,53.59,57.0,973.58,1,Corn
23.62,945.4,55.72,5.13,49.55,44.92,39.47,819.71,1,Ragi
25.66,1036.5,53.26,5.66,73.34,49.16,68.45,1238.74,1,Corn
16.44,390.82,55.43,6.77,71.2,65.02,63.99,1597.2,0,Wheat
25.91,932.59,61.28,7.27,62.06,69.97,60.26,1120.63,1,Corn
24.66,628.25,42.83,6.7,64.77,43.37,21.77,39.06,0,Jowar
30.3,607.55,48.78,6.18,61.21,30.44,38.8,356.12,0,Jowar
18.83,597.81,62.2,6.3,98.6,53.47,47.07,1363.24,1,Corn
16.42,781.4,43.32,5.05,66.94,48.38,35.2,883.69,1,Ragi
28.43,657.4,67.46,5.71,101.43,67.98,41.7,1341.02,1,Corn
23.18,1150.54,54.25,7.21,77.17,67.02,53.55,625.15,1,Corn
15.46,973.06,39.39,6.0,51.82,49.9,52.09,955.89,1,Ragi
7.28,415.87,44.36,6.81,51.73,63.49,39.85,837.7,0,Wheat
6.6,588.71,30.59,6.63,75.39,57.53,54.13,2278.91,0,Wheat
24.21,421.71,46.64,6.7,39.44,40.43,42.67,118.25,0,Jowar
30.71,970.99,45.45,7.97,49.18,39.73,42.99,492.27,0,Jowar
30.51,1923.82,87.29,6.06,81.77,40.18,72.49,308.99,1,Rice
20.26,909.36,75.07,6.33,95.45,54.15,51.18,1192.59,1,Corn
28.35,716.89,54.74,6.57,57.52,43.54,40.62,1284.22,1,Ragi
31.43,2398.17,80.83,6.47,85.25,62.46,47.73,459.72,1,Rice
26.23,793.01,65.79,7.39,93.75,51.2,47.81,571.9,1,Corn
21.4,770.95,68.88,5.71,50.83,39.99,46.29,896.35,1,Ragi
26.61,826.17,65.15,5.66,62.05,54.5,52.4,468.65,1,Corn
15.23,681.07,53.53,6.73,69.38,59.9,38.66,1246.23,1,Ragi
28.14,574.15,57.83,7.12,57.41,30.34,35.09,315.18,0,Jowar
19.05,901.19,50.55,5.86,89.05,49.21,59.5,1154.77,1,Corn
17.22,811.64,50.13,6.31,63.59,30.36,52.94,1456.72,1,Ragi
30.81,1299.21,61.06,6.89,67.8,41.02,48.58,763.67,1,Corn
26.78,2274.07,63.14,6.86,103.01,73.43,58.83,393.54,1,Rice
26.11,901.78,50.62,6.57,74.87,42.6,63.63,1393.78,1,Corn
29.26,1353.74,67.38,6.01,96.17,70.03,46.61,294.74,1,Rice
24.39,791.12,67.12,5.75,61.92,42.19,69.29,477.35,1,Corn
6.34,304.41,36.86,6.5,63.53,56.35,39.92,1889.9,0,Wheat
19.74,708.89,42.89,7.06,57.68,54.08,39.52,2630.36,0,Wheat
31.75,2163.12,75.83,5.61,95.13,77.02,63.57,324.91,1,Rice
11.01,708.82,37.78,6.39,84.51,43.25,30.73,1660.0,0,Wheat
27.79,1486.54,63.18,6.53,80.78,56.12,55.47,309.92,1,Corn
22.83,880.42,45.36,6.83,39.6,39.71,52.47,1267.28,1,Ragi
28.17,1714.76,89.44,6.81,104.37,62.4,64.45,117.01,1,Rice
29.74,1976.87,70.96,5.59,81.73,57.24,43.69,367.2,1,Rice
27.96,809.26,46.03,5.49,71.12,38.22,53.27,849.56,1,Ragi
20.4,518.64,52.87,6.77,62.85,27.47,18.89,135.64,0,Jowar
19.59,962.71,57.29,6.49,66.49,46.72,42.33,925.69,1,Ragi
27.86,1865.0,78.87,6.89,80.87,59.15,67.58,434.34,1,Rice
29.57,2025.91,63.59,5.56,109.78,57.42,41.36,587.24,1,Rice
31.35,709.55,32.75,7.46,62.81,29.07,40.3,217.11,0,Jowar
25.74,1892.31,64.44,6.12,101.47,67.4,79.33,373.51,1,Rice
20.53,645.69,40.13,7.62,62.03,33.72,38.2,302.2,0,Jowar
19.14,489.05,47.57,5.53,65.59,48.42,47.22,613.63,1,Ragi
24.37,548.6,52.63,5.72,61.19,33.58,50.33,1549.81,1,Ragi
29.22,602.14,28.32,6.19,48.8,38.53,30.8,348.11,0,Jowar
31.51,863.25,53.21,6.57,93.41,59.73,48.27,967.86,1,Corn
11.22,763.99,48.24,7.27,80.7,43.31,46.8,1209.91,0,Wheat
17.87,840.4,43.26,6.58,62.79,42.73,46.15,1681.01,1,Ragi
20.24,741.0,54.97,7.0,53.26,44.92,49.32,915.26,1,Ragi
29.23,987.53,56.39,5.09,59.69,42.67,35.28,1392.11,1,Ragi
30.96,2283.52,69.16,5.53,110.0,73.69,69.94,88.97,1,Rice
17.67,606.92,63.32,6.06,92.06,56.9,52.45,777.88,1,Corn
10.93,227.73,55.94,6.04,87.39,52.78,62.48,1234.45,0,Wheat
27.73,1143.81,66.94,7.22,70.96,54.31,45.7,1025.53,1,Corn
30.01,1606.46,84.93,6.94,113.17,40.28,65.67,32.82,1,Rice
21.02,783.99,65.68,5.87,50.63,34.05,45.51,1193.66,1,Ragi
22.17,656.11,58.4,5.78,71.67,50.35,46.84,1066.17,1,Corn
22.4,1369.88,73.12,6.1,77.59,45.93,43.68,1170.85,1,Corn
23.34,989.88,52.37,5.35,66.65,45.75,49.19,1005.71,1,Ragi
33.26,2416.01,86.06,6.11,110.14,58.33,59.18,115.62,1,Rice
26.85,677.96,60.36,7.52,50.21,39.91,45.21,2.65,0,Jowar
25.0,2213.0,68.55,5.91,87.44,43.95,49.02,200.8,1,Rice
27.73,940.17,72.41,6.37,72.98,52.96,61.88,1376.93,1,Corn
24.68,669.56,49.9,6.39,57.71,35.49,35.81,1108.62,1,Ragi
14.91,384.33,53.64,6.44,81.01,52.49,37.08,2802.57,0,Wheat
26.49,1070.55,50.37,6.09,74.11,41.01,53.93,1730.34,1,Ragi
23.15,803.18,62.36,7.07,70.7,31.06,35.72,1242.9,1,Ragi
28.15,555.21,48.33,7.26,42.22,37.27,60.0,1348.4,1,Ragi
28.67,674.63,68.5,5.79,100.27,65.4,44.34,456.63,1,Corn
25.39,1172.31,65.64,6.45,67.8,57.96,43.0,1002.26,1,Ragi
6.54,384.13,28.67,7.46,50.25,44.3,44.68,1449.94,0,Wheat
26.64,894.16,56.61,5.29,45.1,45.92,38.1,625.57,1,Ragi
21.6,733.37,56.06,6.28,61.2,33.08,57.65,957.61,0,Wheat
26.54,543.72,57.32,5.3,41.49,31.6,55.04,741.75,1,Ragi
19.68,866.46,35.25,7.18,42.09,36.64,28.55,34.25,0,Jowar
25.05,1291.13,59.71,5.84,82.65,59.46,60.88,1353.4,1,Corn
6.08,786.52,50.41,6.09,84.85,38.4,51.67,1840.55,0,Wheat
7.64,221.5,38.45,7.27,79.61,47.71,49.63,1081.84,0,Wheat
23.86,739.44,73.72,5.75,67.82,46.51,56.87,1246.08,1,Corn
24.83,1875.58,73.07,5.75,96.37,43.84,42.14,92.22,1,Rice
16.34,486.72,59.11,7.33,76.3,43.36,51.98,2069.47,0,Wheat
31.16,672.5,36.9,6.36,35.17,42.35,25.9,253.65,0,Jowar
25.4,1723.6,78.61,6.27,120.67,46.23,68.58,250.3,1,Rice
23.83,1556.02,61.06,5.96,111.73,61.26,54.46,228.43,1,Rice
29.41,754.6,63.58,6.07,74.07,34.95,57.96,857.81,1,Ragi
28.62,1479.75,65.31,6.85,68.55,52.5,65.05,494.61,1,Corn
12.29,584.76,39.86,7.03,74.56,33.48,56.8,2380.14,0,Wheat
11.45,571.56,36.53,7.42,86.04,58.74,61.27,1778.71,0,Wheat
22.32,923.47,38.85,6.83,44.91,33.5,26.01,266.72,0,Jowar
25.58,1653.96,83.51,5.9,87.5,77.68,39.74,592.51,1,Rice
19.83,1443.42,79.25,5.58,65.48,52.35,45.23,733.08,1,Corn
20.58,416.91,42.61,6.65,57.68,41.59,20.83,103.62,0,Jowar
20.88,402.43,35.29,6.35,83.04,53.68,38.16,1628.32,0,Wheat
31.63,1723.46,67.74,6.42,118.44,78.04,54.55,325.33,1,Rice
17.19,225.04,55.74,6.25,71.42,51.46,46.58,1555.32,0,Wheat
20.88,757.78,56.88,5.2,72.47,37.11,50.89,1569.65,1,Ragi
16.94,887.37,42.64,5.3,50.17,44.86,43.93,1568.93,1,Ragi
18.59,776.67,51.1,6.97,57.65,34.72,37.62,1206.95,1,Ragi
17.77,1107.14,40.87,6.29,71.48,58.51,57.74,1588.24,1,Ragi
27.24,2420.36,70.75,6.72,85.7,65.67,77.86,48.89,1,Rice
32.83,710.43,34.85,6.05,43.18,41.64,44.41,154.89,0,Jowar
29.26,749.17,70.05,7.35,88.15,64.97,43.91,607.25,1,Corn
31.79,786.66,55.22,6.07,44.26,40.33,21.47,28.43,0,Jowar
10.87,639.55,27.42,6.84,66.7,30.31,37.95,1423.47,0,Wheat
26.63,2459.56,88.69,5.87,99.61,51.85,51.21,20.26,1,Rice
21.66,583.75,64.98,7.46,53.11,42.04,37.85,1315.67,1,Ragi
33.31,463.85,61.55,7.15,40.46,31.23,30.17,282.57,0,Jowar
19.64,613.8,27.98,7.46,57.27,57.0,53.17,1221.62,0,Wheat
27.97,650.56,63.79,7.15,77.66,44.21,69.29,1364.54,1,Corn
22.46,531.94,49.93,6.84,50.29,24.91,39.68,424.19,0,Jowar
17.46,1136.42,70.32,5.48,70.67,32.4,43.35,1231.45,1,Ragi
8.39,441.79,28.21,7.13,90.66,40.95,34.78,1863.31,0,Wheat
24.93,2229.27,84.27,6.72,114.4,48.52,68.63,260.59,1,Rice
19.02,794.27,64.89,5.68,94.21,61.86,68.63,1135.36,1,Corn
33.76,483.34,63.74,7.89,65.02,26.2,38.78,378.05,0,Jowar
25.82,594.73,56.87,7.02,51.26,44.51,43.1,55.31,0,Jowar
19.98,917.61,62.99,6.31,65.56,66.69,61.82,867.17,1,Corn
25.81,848.76,56.03,7.46,52.06,49.02,36.25,240.87,0,Jowar
17.48,575.74,56.93,7.15,58.82,59.66,50.2,687.13,1,Ragi
7.94,501.58,44.15,7.44,53.87,51.62,49.06,1942.0,0,Wheat
10.89,796.16,35.55,6.36,72.66,59.19,36.7,2360.31,0,Wheat
14.48,194.24,43.91,7.22,77.16,33.43,49.58,2267.38,0,Wheat
20.21,1072.33,44.02,7.0,59.15,29.53,57.05,1194.09,1,Ragi
23.39,2375.2,75.25,6.74,92.94,75.91,55.66,7.44,1,Rice
30.88,2208.76,86.02,6.44,84.5,60.15,43.75,250.93,1,Rice
33.86,638.03,51.85,7.56,61.32,35.55,45.71,195.42,0,Jowar
24.21,1553.09,60.51,6.87,84.64,63.02,50.92,332.05,1,Rice
17.98,745.69,69.22,6.71,90.98,47.26,62.55,1122.02,1,Corn
19.11,440.65,33.99,6.86,82.57,57.04,60.94,2839.76,0,Wheat
9.13,352.59,55.51,6.77,78.96,31.11,42.64,1852.77,0,Wheat
25.16,2263.3,83.91,6.54,90.77,63.53,54.36,54.18,1,Rice
12.59,585.79,61.2,6.78,60.15,36.9,32.69,2041.44,0,Wheat
19.83,533.55,54.08,5.26,49.18,39.0,53.76,1645.51,1,Ragi
12.19,595.01,42.76,7.09,69.34,40.17,42.83,2691.1,0,Wheat
29.04,551.46,37.19,7.43,30.01,21.77,19.13,65.76,0,Jowar
19.5,646.12,55.73,7.18,50.56,32.96,41.29,1503.21,1,Ragi
28.79,915.84,65.83,7.5,47.83,51.61,51.09,1784.54,1,Ragi
31.96,747.05,56.99,6.66,63.16,28.17,36.32,106.34,0,Jowar
10.78,606.78,57.46,6.92,55.2,53.3,33.18,2713.75,0,Wheat
21.13,447.89,47.99,7.85,44.35,28.31,36.7,450.24,0,Jowar
23.4,629.76,30.2,7.53,36.14,20.85,39.14,382.3,0,Jowar
27.35,2477.87,63.4,6.1,118.84,74.66,72.72,155.13,1,Rice
27.45,1393.29,65.85,5.97,68.49,41.14,62.68,444.63,1,Corn
30.61,1053.41,70.58,5.72,82.24,47.22,52.71,1058.4,1,Corn
28.8,901.71,68.9,5.6,84.21,44.49,64.82,725.6,1,Corn
20.57,661.15,54.17,7.38,82.88,64.43,50.52,1016.57,1,Corn
20.89,869.98,51.38,6.28,78.81,33.36,49.56,1068.19,1,Ragi
26.51,746.3,43.13,7.88,32.71,40.54,47.08,405.37,0,Jowar
19.59,841.41,52.07,7.17,58.5,44.08,33.0,1767.8,1,Ragi
25.32,1370.03,77.96,6.36,62.32,66.93,46.31,1057.03,1,Corn
6.23,496.91,42.14,6.68,78.32,58.27,55.41,1107.8,0,Wheat
14.39,226.89,51.72,7.13,58.03,64.43,38.79,1816.55,0,Wheat
25.23,1414.0,64.58,6.11,97.74,67.11,46.19,343.8,1,Corn
12.4,406.69,45.09,7.18,51.36,64.22,58.64,2455.43,0,Wheat
21.22,889.03,63.57,5.54,62.82,60.01,52.3,1332.04,1,Corn
29.15,1420.69,68.88,6.75,86.69,41.78,41.7,553.83,1,Rice
27.7,896.95,45.5,7.14,51.04,21.12,38.43,413.74,0,Jowar
25.26,800.28,52.69,7.23,76.76,57.9,40.04,1435.49,1,Ragi
20.92,1315.21,73.72,5.73,96.79,46.05,58.6,1484.83,1,Corn
18.94,598.59,49.09,7.27,73.97,46.99,52.96,1462.28,0,Wheat
33.56,1578.91,89.1,6.39,98.34,63.79,61.25,461.11,1,Rice
32.51,1619.55,86.1,6.87,91.66,79.73,46.02,125.09,1,Rice
16.8,801.13,55.04,6.43,68.45,39.24,31.05,1222.7,0,Wheat
24.89,781.31,53.83,5.11,47.2,53.42,43.32,959.04,1,Ragi
12.13,405.65,43.38,7.18,82.97,43.56,44.56,1121.13,0,Wheat
25.48,1166.82,60.11,6.73,74.15,43.16,41.57,436.29,1,Corn
15.04,441.59,32.63,6.53,72.58,41.54,36.79,1048.86,0,Wheat
25.2,2331.57,73.34,6.27,94.34,63.7,46.52,234.44,1,Rice
17.55,1327.45,51.48,6.73,78.45,54.66,66.66,326.54,1,Corn
19.27,479.85,39.05,6.37,65.61,34.36,64.46,2067.37,0,Wheat
32.5,425.47,52.89,6.32,42.55,21.02,27.28,375.99,0,Jowar
25.94,450.98,33.29,7.19,54.2,32.71,33.1,28.46,0,Jowar
33.6,526.7,51.93,6.19,46.32,41.84,40.22,316.77,0,Jowar
18.49,706.0,41.83,5.73,77.5,57.57,39.27,1277.27,1,Ragi
17.85,579.97,45.54,6.91,56.17,46.4,30.07,635.68,1,Ragi
19.67,1216.99,50.77,6.47,68.51,59.35,69.92,862.61,1,Corn
24.51,946.5,74.47,6.4,83.91,66.71,65.83,1366.96,1,Corn
20.59,638.74,71.19,5.89,74.27,40.95,45.81,1241.7,1,Corn
26.55,738.71,60.25,7.72,47.36,20.01,32.34,298.57,0,Jowar
24.83,748.72,61.47,6.46,93.86,46.37,64.58,1058.54,1,Corn
24.14,1656.22,69.94,5.54,108.97,55.51,71.73,498.66,1,Rice
18.54,611.35,49.9,6.25,66.74,58.84,46.31,2290.31,0,Wheat
25.95,654.53,55.29,7.9,53.11,43.99,23.62,115.01,0,Jowar
24.45,555.21,43.5,5.13,50.49,34.2,37.93,1063.33,1,Ragi
24.02,554.51,48.54,6.89,47.27,22.51,41.33,104.61,0,Jowar
25.3,660.17,76.72,6.29,74.64,48.35,53.08,594.75,1,Corn
20.72,259.04,49.21,7.26,87.49,36.93,47.18,2292.65,0,Wheat
20.89,879.75,54.33,6.28,68.71,59.69,70.21,318.16,1,Corn
28.3,898.15,30.41,6.73,34.44,39.6,21.91,319.82,0,Jowar
27.08,1244.16,59.69,6.5,63.61,65.75,70.92,800.45,1,Corn
29.98,406.54,60.45,6.89,43.63,24.09,33.13,247.6,0,Jowar
34.61,598.99,50.78,6.18,54.17,22.64,48.73,357.35,0,Jowar
13.66,496.52,27.45,6.97,85.53,32.65,38.61,2778.97,0,Wheat
29.23,1335.01,48.98,6.67,72.18,50.78,63.27,654.89,1,Corn
22.72,1134.0,64.05,5.16,67.58,47.07,57.14,746.15,1,Ragi
15.52,1019.41,59.01,6.46,70.02,50.49,36.41,1025.35,1,Ragi
17.28,786.73,45.45,6.14,74.58,54.48,38.16,1671.58,0,Wheat
18.5,1349.15,56.16,6.15,94.61,62.26,46.44,385.01,1,Corn
23.41,764.38,66.58,6.88,80.88,52.76,51.35,1307.35,1,Corn
30.0,922.93,34.39,6.71,65.74,26.51,22.81,398.64,0,Jowar
26.31,715.18,52.14,5.52,78.79,49.19,57.85,962.24,1,Ragi
28.96,1035.86,60.01,5.66,81.93,48.08,58.39,1472.08,1,Corn
25.11,1568.72,84.28,6.9,96.46,76.42,53.03,287.57,1,Rice
14.39,778.86,51.38,7.28,64.47,49.61,51.75,1509.57,0,Wheat
31.57,1225.23,67.25,6.51,100.44,40.93,72.9,470.86,1,Rice
25.57,651.71,63.89,6.17,66.31,34.02,38.33,411.25,0,Jowar
23.71,1791.93,74.35,6.81,102.67,55.75,79.61,71.81,1,Rice
24.33,1003.14,49.18,6.6,59.17,45.09,53.36,944.57,1,Ragi
17.44,413.88,50.33,6.55,84.48,35.22,39.25,2003.16,0,Wheat
18.52,558.3,31.32,6.7,76.61,51.74,44.51,2774.15,0,Wheat
31.62,2279.47,69.74,6.79,102.4,44.73,43.99,217.04,1,Rice
20.62,840.79,75.48,6.64,77.99,44.35,53.35,632.76,1,Corn
22.98,963.94,77.01,6.5,82.06,68.89,66.79,505.26,1,Corn
33.98,1970.95,66.01,6.48,103.44,53.47,43.69,394.4,1,Rice
17.34,1167.76,65.34,7.15,55.97,52.67,34.11,608.31,1,Ragi
13.18,643.58,42.8,6.66,67.12,48.13,43.31,2451.99,0,Wheat
11.67,783.81,24.47,6.28,56.69,54.54,41.77,1800.34,0,Wheat
12.22,609.87,57.84,7.5,76.49,33.59,66.02,2373.9,0,Wheat
30.79,1687.2,84.13,6.47,111.07,50.36,67.17,153.22,1,Rice
29.26,714.11,63.53,5.99,45.97,30.59,46.59,1773.6,1,Ragi
34.28,697.23,61.88,7.41,58.58,22.34,26.39,2.3,0,Jowar
23.12,725.78,59.39,7.58,62.89,42.14,28.52,440.01,0,Jowar
5.6,400.17,27.42,6.58,76.4,46.18,43.16,1059.48,0,Wheat
18.48,944.57,77.14,6.06,71.33,49.35,58.64,828.71,1,Corn
35.25,821.97,63.5,7.68,64.85,37.79,32.19,474.45,0,Jowar
34.44,485.49,39.11,7.17,53.93,24.3,43.49,389.41,0,Jowar
29.1,661.34,69.06,7.33,63.61,54.1,69.73,743.19,1,Corn
25.11,1434.11,66.85,5.79,111.53,54.24,42.55,583.77,1,Rice
30.06,1339.71,53.68,7.2,76.58,47.62,66.1,818.54,1,Corn
14.98,416.73,37.74,6.19,87.05,55.88,29.66,2480.48,0,Wheat
29.06,592.48,62.59,5.26,78.77,41.13,52.94,1007.93,1,Ragi
21.73,1185.02,54.14,7.46,69.64,37.1,45.79,1786.98,1,Ragi
23.72,2228.73,78.43,6.29,115.49,71.37,45.89,185.28,1,Rice
31.09,870.7,33.76,7.04,40.11,26.0,44.87,73.14,0,Jowar
34.57,757.69,51.82,6.85,70.08,44.73,29.97,436.22,0,Jowar
25.42,1328.44,64.88,5.72,118.71,70.23,78.57,262.43,1,Rice
27.74,629.31,40.88,7.21,66.97,39.75,21.84,226.35,0,Jowar
14.8,650.25,34.89,6.54,85.53,41.25,49.56,2350.22,0,Wheat
25.44,1656.02,65.78,6.87,103.83,56.36,58.81,571.68,1,Rice
10.02,668.91,56.39,7.09,68.76,33.13,32.09,1624.53,0,Wheat
31.21,2100.61,71.92,6.0,94.76,49.81,47.45,282.17,1,Rice
23.45,1466.59,61.95,6.01,96.43,51.44,73.74,219.96,1,Rice
20.99,1174.62,45.52,5.52,50.93,34.69,40.89,1688.06,1,Ragi
31.38,1138.56,59.5,5.81,94.01,65.65,64.99,1079.62,1,Corn
21.43,796.23,53.19,7.92,30.58,27.75,48.14,469.15,0,Jowar
32.68,1010.53,44.49,6.12,63.37,39.01,26.84,256.2,0,Jowar
17.06,910.35,61.07,6.76,70.54,56.46,45.27,1479.0,1,Ragi
15.7,974.4,61.06,7.03,78.8,31.6,35.61,1673.32,1,Ragi
28.42,1051.0,64.32,5.72,82.51,47.48,69.39,1256.67,1,Corn
23.84,2017.82,72.33,6.77,85.87,65.28,62.47,158.81,1,Rice
33.54,438.79,35.13,7.44,47.8,32.31,24.31,255.44,0,Jowar
20.38,324.55,32.6,7.28,78.24,60.66,30.44,2163.4,0,Wheat
22.48,1268.32,58.35,7.01,89.1,46.9,61.39,1192.55,1,Corn
26.32,535.13,53.23,7.76,60.72,46.59,36.62,381.18,0,Jowar
21.74,918.36,45.33,7.0,78.2,37.73,44.52,700.08,1,Ragi
14.16,663.62,44.52,6.38,75.86,42.09,48.51,1867.05,0,Wheat
17.84,668.03,57.17,6.56,70.06,42.58,38.87,2451.0,0,Wheat
7.43,768.43,57.72,6.34,74.68,31.05,62.68,1951.24,0,Wheat
31.6,744.03,53.01,6.64,72.92,65.72,61.03,1473.61,1,Corn
25.1,756.4,74.11,7.27,93.94,52.93,62.68,416.34,1,Corn
20.2,761.13,66.87,6.77,89.43,45.33,68.67,1065.49,1,Corn
9.15,254.85,25.36,6.92,65.0,56.68,43.48,1872.66,0,Wheat
34.89,2058.79,81.37,6.49,89.8,57.96,71.26,73.09,1,Rice
22.79,605.12,48.02,6.63,77.33,30.66,55.85,1283.69,1,Ragi
18.51,786.81,63.41,6.93,49.13,57.67,47.78,1055.97,1,Ragi
24.42,444.41,51.5,6.49,37.56,40.7,41.52,386.96,0,Jowar
25.07,1230.19,49.9,5.48,76.26,42.58,58.56,543.14,1,Corn
9.56,792.1,56.95,6.05,80.92,33.92,31.02,1402.72,0,Wheat
29.02,2020.41,63.16,6.65,85.84,73.53,71.77,430.12,1,Rice
29.32,1099.54,74.82,6.72,73.93,57.73,56.9,1297.13,1,Corn
23.73,1147.68,68.61,5.05,44.26,38.34,50.91,1674.2,1,Ragi
31.39,1406.0,77.67,6.42,97.54,69.84,77.76,559.19,1,Rice
9.47,422.62,31.35,6.36,54.05,62.85,49.22,1679.41,0,Wheat
15.82,435.16,41.2,7.07,84.58,39.21,41.66,2844.48,0,Wheat
25.85,805.9,64.12,6.18,58.65,59.48,38.96,758.91,1,Ragi
20.82,714.48,34.84,6.23,67.73,42.3,53.72,2924.62,0,Wheat
31.28,1426.61,88.09,6.76,119.13,69.79,65.3,258.55,1,Rice
21.76,1339.86,68.94,7.19,81.2,51.69,68.04,347.3,1,Corn
26.76,1076.09,52.43,7.38,56.89,53.58,44.94,1681.25,1,Ragi
27.1,614.06,63.69,6.37,68.81,50.29,35.11,1271.37,1,Ragi
27.86,1729.42,79.24,6.31,82.05,60.21,71.96,272.61,1,Rice
33.33,1992.96,66.61,5.53,114.23,40.47,74.61,313.53,1,Rice
24.77,469.11,63.65,6.78,54.36,44.63,30.6,366.76,0,Jowar
21.15,1245.57,62.06,7.45,73.19,67.12,67.46,584.95,1,Corn
22.98,583.97,31.45,7.27,39.89,29.09,43.09,163.3,0,Jowar
35.41,2080.03,77.72,6.63,100.08,43.39,63.47,584.4,1,Rice
16.55,862.69,48.05,5.1,66.02,55.4,34.4,1570.07,1,Ragi
15.47,699.98,46.91,6.23,69.47,54.66,54.25,1020.69,1,Ragi
30.64,908.76,71.11,6.37,85.5,49.74,49.21,804.61,1,Corn
22.13,1952.31,79.53,5.5,99.3,48.27,65.01,96.7,1,Rice
29.97,796.11,62.83,5.89,68.31,55.14,59.38,1090.01,1,Ragi
25.03,1495.2,70.69,6.11,94.83,63.29,40.3,1278.59,1,Corn
26.25,1351.79,84.2,6.49,83.04,55.14,79.01,307.65,1,Rice
21.56,1506.56,76.29,7.11,74.76,57.11,45.15,956.54,1,Corn
14.67,877.73,38.81,6.92,49.97,29.68,46.12,1061.95,1,Ragi
29.42,790.5,68.73,6.19,61.48,46.74,44.13,1318.64,1,Corn
19.1,617.13,77.24,6.67,74.51,47.27,58.8,913.7,1,Corn
16.55,1171.11,48.14,5.85,56.66,31.92,45.28,751.79,1,Ragi
22.7,1260.7,85.29,6.06,85.99,61.5,71.41,135.56,1,Rice
34.02,728.36,42.51,7.55,41.12,33.2,47.52,377.68,0,Jowar
25.58,774.77,65.56,5.78,64.79,53.66,42.66,976.27,1,Ragi
33.76,436.3,47.07,7.36,60.97,37.02,46.8,466.32,0,Jowar
29.69,1366.32,82.06,6.47,117.54,42.28,41.8,164.49,1,Rice
28.25,968.82,34.6,6.06,59.33,26.34,43.65,339.61,0,Jowar
22.64,2208.82,68.07,6.13,106.66,52.79,41.76,219.32,1,Rice
26.32,554.18,52.09,5.72,52.89,59.96,49.76,1465.98,1,Ragi
28.93,471.99,47.57,5.99,41.6,39.6,33.81,482.02,0,Jowar
24.73,736.02,53.66,5.58,80.65,35.26,42.49,644.39,1,Ragi
25.98,1415.67,58.51,6.29,92.53,55.73,67.62,725.16,1,Corn
29.35,607.97,32.79,7.93,57.09,47.26,41.24,188.04,0,Jowar
27.2,2022.02,86.98,5.56,111.33,50.59,56.65,2.1,1,Rice
27.61,817.15,64.63,6.51,76.57,43.06,48.86,1363.37,1,Ragi
29.92,2013.69,81.63,5.69,108.08,75.99,46.82,138.85,1,Rice
26.1,1467.44,59.37,7.33,70.09,69.22,59.65,851.66,1,Corn
30.23,2171.49,65.42,5.8,116.11,70.33,76.66,458.51,1,Rice
23.31,1702.78,83.23,5.7,88.14,68.21,68.12,377.84,1,Rice
31.82,1914.43,72.15,6.84,83.59,59.13,39.88,275.45,1,Rice
21.12,513.17,63.58,7.03,61.97,39.56,52.96,1255.28,1,Ragi
24.76,2081.01,89.37,5.65,107.32,58.03,75.0,109.06,1,Rice
24.2,979.8,60.85,5.12,73.66,43.26,37.39,885.26,1,Ragi
26.65,897.37,69.89,5.56,64.93,60.32,46.1,1326.42,1,Corn
22.16,1192.81,69.38,5.92,61.41,53.14,57.22,1353.23,1,Corn
19.33,1429.58,60.36,7.32,97.85,40.22,53.96,329.98,1,Corn
24.13,1360.66,72.99,6.07,72.55,60.09,56.62,491.93,1,Corn
18.57,274.94,45.53,6.5,58.57,52.07,45.69,1677.22,0,Wheat
26.75,1087.45,69.33,5.81,75.77,34.9,52.11,1499.92,1,Ragi
5.9,357.69,32.35,6.77,68.05,56.09,39.06,2113.64,0,Wheat
33.42,1824.75,88.7,6.75,86.74,76.16,43.59,479.82,1,Rice
25.78,902.77,63.92,6.88,45.84,45.47,32.88,276.72,0,Jowar
7.96,238.01,50.94,6.44,79.71,50.18,34.57,2858.25,0,Wheat
21.19,496.89,38.26,6.84,65.57,31.55,40.8,366.23,0,Jowar
27.92,1155.68,65.46,6.37,83.96,47.15,68.39,1008.08,1,Corn
18.57,664.85,48.54,7.29,87.83,50.47,38.48,1678.7,0,Wheat
16.85,715.26,67.78,5.4,78.62,36.17,52.24,1255.96,1,Ragi
29.1,1850.4,65.63,6.78,106.8,73.33,74.17,447.18,1,Rice
31.51,1407.71,53.12,6.55,69.91,52.93,66.91,939.04,1,Corn
20.15,796.77,52.37,6.93,65.61,37.02,54.69,2995.49,0,Wheat
23.14,559.68,35.77,7.43,60.55,33.7,41.25,366.25,0,Jowar
17.75,397.48,28.96,7.08,62.44,36.12,35.47,1495.8,0,Wheat
29.96,878.02,61.73,6.21,93.24,41.28,49.2,1114.79,1,Corn
26.94,936.99,58.65,5.3,64.85,58.7,56.58,1119.24,1,Ragi
30.62,608.04,74.01,7.37,91.17,43.64,42.17,322.36,1,Corn
26.22,1768.79,83.41,6.41,115.99,57.93,64.47,380.69,1,Rice
25.44,1413.16,59.51,6.65,80.21,54.81,53.8,547.94,1,Corn
24.77,729.2,40.17,6.45,55.4,23.62,22.7,195.67,0,Jowar
26.9,1500.1,62.11,6.33,69.97,43.38,64.45,612.24,1,Corn
31.5,2244.91,67.88,6.48,107.72,64.1,43.98,504.7,1,Rice
25.41,1089.46,52.53,5.41,70.45,41.44,50.76,930.98,1,Ragi
12.06,267.05,38.89,7.1,87.03,38.93,42.55,1139.89,0,Wheat
24.97,1458.89,54.98,6.93,84.28,60.19,50.34,674.69,1,Corn
24.01,2374.33,62.09,6.23,87.38,40.59,40.47,95.44,1,Rice
27.45,1062.37,46.65,5.56,72.57,57.83,32.78,1139.28,1,Ragi
16.13,593.45,40.81,7.52,73.13,54.3,45.99,967.03,1,Ragi
29.48,2018.19,86.24,6.39,103.7,79.94,70.58,268.47,1,Rice
20.18,1152.39,59.7,5.17,72.7,43.2,30.85,1247.51,1,Ragi
20.21,469.31,60.54,7.49,46.18,35.03,30.61,365.5,0,Jowar
26.38,2463.65,79.0,6.73,84.95,74.25,76.68,289.91,1,Rice
28.45,1379.95,78.53,5.91,72.86,47.52,51.08,1400.73,1,Corn
26.18,1145.12,67.71,5.42,74.22,51.61,37.08,675.64,1,Ragi
22.56,891.25,54.73,7.77,33.75,49.07,25.64,0.0,0,Jowar
32.62,992.59,52.57,6.55,68.88,44.53,38.51,360.56,0,Jowar
29.61,591.52,43.41,6.52,43.28,32.03,41.32,252.83,0,Jowar
20.74,721.25,77.91,5.79,82.2,58.25,56.76,423.47,1,Corn
20.85,680.81,46.46,6.18,61.86,64.04,41.31,1006.47,0,Wheat
25.62,449.43,61.61,6.17,55.33,32.0,31.77,335.78,0,Jowar
27.95,453.87,45.51,8.0,63.32,46.74,44.63,50.9,0,Jowar
24.04,1362.88,77.66,6.64,101.62,44.87,71.44,371.49,1,Rice
20.4,751.66,42.51,6.66,56.75,46.18,38.91,432.97,0,Jowar
21.09,739.5,43.95,5.98,46.72,52.17,36.41,671.7,1,Ragi
19.63,1103.71,78.35,7.08,82.83,59.19,67.7,811.87,1,Corn
25.53,748.93,47.42,7.37,31.38,27.98,44.02,34.35,0,Jowar
33.37,2344.52,79.61,5.81,114.27,75.28,47.7,440.82,1,Rice
23.66,786.11,51.06,5.55,67.01,59.27,35.42,1318.01,1,Ragi
23.4,555.77,49.01,6.37,43.36,30.41,25.55,110.22,0,Jowar
30.33,2405.79,81.37,5.8,80.34,49.89,63.2,24.81,1,Rice
32.97,1865.61,60.49,5.94,105.12,79.54,65.57,158.83,1,Rice
9.95,439.39,30.44,6.64,54.35,48.27,51.94,924.44,0,Wheat
33.9,728.37,46.81,6.09,66.48,21.26,49.21,253.33,0,Jowar
28.22,1304.64,71.95,6.71,116.54,48.45,42.99,529.52,1,Rice
12.93,636.42,54.47,6.12,63.53,55.92,43.87,1518.49,0,Wheat
15.38,601.75,66.84,5.97,56.15,29.9,29.45,1443.82,1,Ragi
32.61,820.79,57.62,6.7,46.19,31.81,25.76,30.62,0,Jowar
14.46,572.61,40.29,6.47,53.05,56.79,56.85,2283.0,0,Wheat
32.69,2139.32,84.63,6.3,99.06,46.86,54.09,270.08,1,Rice
21.02,1015.27,68.37,5.71,65.2,46.2,68.0,764.47,1,Corn
22.97,2439.47,62.68,6.35,110.04,75.96,69.68,492.23,1,Rice
7.82,236.15,48.29,6.69,82.93,33.25,34.86,1472.11,0,Wheat
32.41,681.68,52.16,5.96,100.13,70.23,60.51,1364.7,1,Corn
8.96,229.2,45.07,6.5,57.32,41.37,31.76,2891.29,0,Wheat
19.98,797.95,64.47,5.59,78.52,52.58,63.39,726.05,1,Corn
32.13,636.53,49.42,7.72,63.37,30.36,25.48,379.75,0,Jowar
31.25,878.2,52.86,7.25,97.09,59.58,58.93,1292.68,1,Corn
16.09,747.68,39.72,6.48,65.74,45.37,32.71,1897.93,0,Wheat
20.85,1101.5,62.64,5.69,44.96,37.73,57.79,1299.62,1,Ragi
17.64,718.81,27.11,6.77,78.58,49.43,53.76,2603.57,0,Wheat
24.89,372.61,39.58,7.89,61.7,27.72,35.47,402.02,0,Jowar
27.78,493.6,62.33,7.52,59.37,41.34,26.08,106.18,0,Jowar
32.17,1847.72,75.97,6.15,81.45,44.6,41.55,384.74,1,Rice
14.62,234.11,47.4,6.11,75.76,54.72,37.66,2609.96,0,Wheat
27.37,750.1,55.54,7.35,61.06,53.72,49.25,1096.54,1,Corn
26.44,1345.66,71.47,5.93,114.7,53.19,72.22,541.72,1,Rice
24.75,562.42,58.49,6.14,46.19,36.12,37.76,373.76,0,Jowar
24.04,1118.95,57.26,6.77,98.29,40.71,65.83,967.09,1,Corn
30.41,1589.51,82.42,6.64,99.66,78.25,44.23,2.21,1,Rice
28.84,902.18,59.83,7.27,53.55,48.46,30.98,822.31,1,Ragi
19.83,1174.98,58.29,6.02,45.76,58.99,54.03,931.78,1,Ragi
27.73,702.14,35.2,6.21,34.89,23.0,38.26,97.89,0,Jowar
24.39,600.09,34.65,6.56,39.22,34.22,47.81,57.83,0,Jowar
26.57,2010.18,61.52,6.81,119.16,78.9,70.14,79.54,1,Rice
21.15,779.79,50.81,6.57,66.9,29.45,33.82,275.13,0,Jowar
24.19,2234.29,76.3,6.09,84.84,74.33,46.01,183.02,1,Rice
31.11,526.11,37.24,6.31,44.12,44.91,44.33,186.37,0,Jowar
28.76,470.98,37.71,6.85,39.29,46.99,25.45,234.8,0,Jowar
22.02,742.94,50.09,6.31,33.91,48.72,31.13,106.88,0,Jowar
18.11,685.8,53.43,7.04,60.81,45.6,58.62,2912.07,0,Wheat
27.82,881.96,42.29,7.28,39.7,23.19,43.75,48.64,0,Jowar
27.63,949.73,51.65,7.38,63.88,40.92,33.08,268.25,0,Jowar
26.26,539.34,58.69,6.37,80.0,45.36,32.74,1270.32,1,Ragi
25.59,1528.57,87.56,5.89,91.44,70.75,58.36,469.78,1,Rice
9.64,622.66,27.43,7.28,58.16,55.32,38.77,959.77,0,Wheat
27.26,604.26,59.36,5.77,68.21,66.43,40.37,556.37,1,Corn
33.29,2216.07,76.96,6.61,115.06,56.11,53.03,400.04,1,Rice
23.63,703.97,30.2,6.52,50.08,36.87,47.45,319.44,0,Jowar
28.59,716.0,35.6,7.02,38.09,24.67,48.86,311.33,0,Jowar
23.51,398.61,37.11,6.09,33.09,32.25,26.2,251.01,0,Jowar
21.88,847.71,46.44,6.58,54.81,60.18,44.71,1186.15,1,Ragi
15.77,1134.17,40.15,5.69,49.43,37.95,33.27,1523.19,1,Ragi
23.81,1476.97,73.18,7.28,77.04,46.68,52.02,1155.93,1,Corn
14.92,462.96,35.54,6.1,60.05,36.88,48.93,2123.26,0,Wheat
17.46,573.54,44.39,7.19,61.17,44.04,33.23,1379.73,1,Ragi
25.06,1211.68,61.69,6.93,90.65,69.99,64.21,221.39,1,Rice
11.68,595.83,59.18,6.78,90.02,40.94,31.44,1168.1,0,Wheat
34.99,429.28,47.86,6.7,49.49,38.14,34.09,217.61,0,Jowar
16.09,985.36,57.18,5.29,48.72,48.25,40.1,1738.11,1,Ragi
31.29,2308.56,84.71,6.09,106.44,48.01,51.53,535.88,1,Rice
31.36,467.25,45.35,7.0,56.7,38.47,43.79,17.09,0,Jowar
24.48,1394.34,55.47,6.09,65.15,47.27,48.11,1410.59,1,Corn
34.63,2102.14,75.61,6.45,115.8,63.52,41.91,565.53,1,Rice
15.32,780.89,44.42,7.18,61.34,36.31,44.45,1471.51,1,Ragi
8.62,213.04,51.32,6.22,84.63,52.43,37.94,1146.07,0,Wheat
24.54,1032.24,50.57,6.02,51.14,34.02,36.48,1568.11,1,Ragi
11.66,302.3,43.4,6.7,90.93,52.09,58.22,1541.79,0,Wheat
18.31,1075.9,45.6,5.16,67.11,41.39,56.92,1373.49,1,Ragi
26.56,614.66,50.77,6.57,62.37,39.45,43.93,965.62,1,Corn
20.12,700.31,46.54,7.14,68.06,49.65,32.66,1002.57,0,Wheat
24.29,875.06,71.22,6.54,92.84,54.82,45.66,1306.43,1,Corn
17.02,800.18,62.81,6.98,46.14,30.94,52.3,1037.3,1,Ragi
23.3,856.78,42.81,5.03,78.28,41.13,47.92,693.89,1,Ragi
22.82,2405.47,75.99,5.94,94.94,57.26,63.39,303.12,1,Rice
26.43,2219.37,70.14,5.6,100.95,72.92,70.95,96.23,1,Rice
23.48,1223.1,59.84,5.97,73.13,36.61,43.03,1031.3,1,Ragi
19.63,872.56,79.9,6.64,76.03,67.39,54.33,685.62,1,Corn
5.66,801.74,28.65,7.03,60.39,43.9,52.79,1762.12,0,Wheat
31.13,1503.2,76.87,7.51,70.76,65.91,65.34,583.6,1,Corn
19.61,236.13,43.49,6.81,84.52,33.48,38.48,1695.0,0,Wheat
32.45,982.72,62.9,7.83,51.23,31.3,34.45,349.92,0,Jowar
25.23,534.21,41.34,6.37,66.64,32.29,27.73,227.95,0,Jowar
8.82,429.04,36.77,6.91,80.29,38.91,35.99,2252.27,0,Wheat
24.06,652.35,49.45,7.92,65.03,44.21,45.02,217.4,0,Jowar
26.22,733.31,65.7,5.95,89.2,55.48,51.97,618.9,1,Corn
17.39,1099.19,45.34,5.77,51.0,41.87,38.34,1193.71,1,Ragi
23.76,1306.23,68.8,5.78,116.95,50.16,80.42,216.03,1,Rice
17.92,719.68,67.91,5.62,66.25,49.24,41.44,521.12,1,Corn
19.94,859.87,52.22,6.39,94.33,41.56,61.08,1427.22,1,Corn
27.85,920.4,58.81,6.84,40.35,32.95,45.55,121.47,0,Jowar
17.47,1094.13,56.76,7.13,58.08,41.93,58.01,906.94,1,Ragi
28.08,708.92,67.27,6.29,63.32,44.99,32.59,1038.05,1,Ragi
23.85,1481.66,67.57,7.24,98.3,60.37,56.58,305.31,1,Corn
21.19,805.96,47.29,7.05,58.91,45.97,38.81,814.81,1,Ragi
30.18,1044.94,51.17,5.69,73.72,67.13,59.71,1330.33,1,Corn
29.16,703.21,67.74,5.28,67.55,58.07,35.92,1770.61,1,Ragi
27.08,1590.22,61.79,5.84,89.6,59.18,69.72,282.5,1,Rice
21.49,775.38,57.98,7.69,38.26,47.88,40.64,450.5,0,Jowar
21.92,1012.77,62.73,6.89,83.82,58.59,60.68,643.67,1,Corn
15.63,516.93,36.76,6.93,59.46,56.9,37.1,1140.21,0,Wheat
22.03,1608.68,82.73,5.47,91.31,54.57,60.14,538.37,1,Rice
29.93,2330.75,81.55,6.69,90.53,46.6,69.53,479.12,1,Rice
7.19,387.49,25.67,6.02,65.23,62.54,60.1,1921.22,0,Wheat
21.01,360.09,50.23,6.86,58.94,38.8,46.81,1718.56,0,Wheat
30.99,1485.95,62.42,6.52,106.1,50.88,77.98,90.11,1,Rice
24.24,559.84,34.7,6.57,41.77,35.24,39.5,186.43,0,Jowar
21.52,756.65,52.08,7.08,56.72,23.64,36.81,145.17,0,Jowar
21.22,897.87,47.52,7.7,54.42,40.71,50.06,118.77,0,Jowar
17.15,785.34,46.39,6.97,84.74,53.96,56.16,1320.27,0,Wheat
20.85,1008.82,62.1,6.06,65.92,62.22,69.06,1226.9,1,Corn
23.97,673.46,66.16,6.21,87.9,69.21,55.24,866.18,1,Corn
28.01,1521.75,67.94,5.94,111.22,60.96,51.85,360.17,1,Rice
28.2,804.3,43.37,6.12,50.26,39.42,53.85,697.5,1,Ragi
28.32,1721.92,75.75,6.39,80.12,58.38,78.36,309.59,1,Rice
27.55,1497.27,53.02,6.84,71.79,59.51,58.53,487.19,1,Corn
31.73,1092.73,68.18,6.5,73.56,43.55,54.13,381.77,1,Corn
12.48,724.44,56.61,7.31,54.09,58.79,62.23,1585.09,0,Wheat
5.19,604.71,39.86,6.77,58.61,49.34,64.3,961.88,0,Wheat
21.07,602.97,56.41,6.01,94.24,58.05,41.03,448.2,1,Corn
23.62,1005.6,68.4,7.29,78.24,37.61,34.21,965.39,1,Ragi
24.9,945.39,30.4,7.15,51.27,26.12,32.41,321.56,0,Jowar
29.08,1425.38,63.29,5.55,87.8,76.41,50.44,220.37,1,Rice
6.15,642.5,43.98,6.3,71.75,36.52,45.47,2560.13,0,Wheat
26.48,588.62,53.76,6.51,56.72,30.54,53.23,609.87,1,Ragi
24.19,982.52,35.33,7.47,29.96,37.84,47.44,143.56,0,Jowar
34.47,547.13,45.62,6.05,45.37,36.79,48.25,254.88,0,Jowar
17.27,677.6,35.53,6.45,87.23,43.25,32.87,2127.91,0,Wheat
30.71,1384.31,63.36,6.31,81.68,46.96,41.22,1423.59,1,Corn
31.66,716.45,55.0,6.86,81.93,40.73,42.04,1367.5,1,Corn
22.2,998.64,73.87,5.81,71.26,60.08,49.16,1247.97,1,Corn
14.76,750.81,43.53,6.21,73.08,33.31,37.25,869.59,0,Wheat
25.55,2238.88,69.41,6.19,80.62,43.0,55.8,288.99,1,Rice
20.84,550.28,50.52,6.28,46.99,50.09,60.28,1145.51,1,Ragi
32.54,2229.58,88.12,6.28,98.48,55.37,45.44,336.53,1,Rice
19.71,786.85,73.33,6.68,94.04,45.3,41.98,290.73,1,Corn
32.19,2372.5,67.31,6.42,109.89,68.43,57.56,21.54,1,Rice
25.34,663.44,35.7,7.25,43.82,45.07,42.2,300.26,0,Jowar
8.39,510.49,30.74,6.94,61.01,57.27,57.85,1815.97,0,Wheat
21.81,1004.51,71.55,6.26,97.38,43.01,51.31,1152.56,1,Corn
22.5,858.76,30.84,6.35,54.05,41.98,48.05,358.24,0,Jowar
33.97,555.48,62.49,6.64,70.11,29.14,49.31,33.8,0,Jowar
33.26,725.43,57.3,6.31,41.77,43.07,26.06,186.84,0,Jowar
17.0,382.9,44.51,6.96,74.03,62.34,61.75,2939.29,0,Wheat
9.05,624.65,48.95,7.39,85.04,64.05,61.62,2723.19,0,Wheat
5.73,628.97,49.28,7.33,77.51,57.86,54.96,2176.08,0,Wheat
23.61,506.52,52.01,6.81,35.87,39.79,36.07,420.54,0,Jowar
5.9,512.3,41.47,6.39,54.34,46.49,59.05,2388.28,0,Wheat
23.38,566.05,62.47,7.64,57.38,22.11,32.19,276.08,0,Jowar
27.23,2459.06,61.25,6.25,86.02,78.06,43.76,234.45,1,Rice
26.53,1245.97,75.41,5.76,93.05,54.87,53.95,813.0,1,Corn
26.12,2139.16,83.29,5.67,101.33,60.88,55.29,564.96,1,Rice
22.76,491.53,41.5,7.31,84.5,57.11,47.73,1527.84,0,Wheat
21.31,848.23,56.81,7.05,98.74,62.06,66.99,1071.94,1,Corn
21.87,678.73,59.94,7.46,69.85,54.55,34.04,1772.29,0,Wheat
34.5,1987.21,84.83,6.83,89.51,48.74,64.7,249.18,1,Rice
33.76,2237.62,78.36,6.79,111.18,46.82,75.06,317.14,1,Rice
8.52,623.36,34.91,6.4,85.11,35.64,32.21,1391.79,0,Wheat
28.45,2168.25,82.54,7.04,87.79,45.93,70.74,364.72,1,Rice
17.0,883.38,56.41,5.22,56.76,55.63,55.71,719.36,1,Ragi
29.5,698.5,43.87,6.74,57.13,43.65,41.47,110.34,0,Jowar
28.38,2445.64,71.15,5.55,80.67,55.14,46.02,10.22,1,Rice
27.91,591.37,65.39,7.06,69.47,57.31,59.28,1078.18,1,Corn
22.17,1460.61,67.11,7.47,74.54,53.49,49.5,517.06,1,Corn
20.59,487.61,58.07,6.25,38.77,33.23,35.14,378.05,0,Jowar
23.64,635.38,52.02,7.13,66.76,50.18,56.67,1679.38,1,Ragi
23.88,1228.15,79.13,6.45,93.25,42.62,56.14,184.27,1,Rice
26.38,946.92,51.16,6.92,34.6,35.21,45.9,320.0,0,Jowar
30.43,411.59,60.1,6.27,34.56,24.91,48.45,343.03,0,Jowar
7.61,568.92,42.38,6.15,66.22,48.28,59.2,970.04,0,Wheat
30.03,2113.15,76.79,5.51,93.05,60.71,43.51,210.35,1,Rice
26.75,416.2,32.88,7.03,69.18,41.07,22.4,97.4,0,Jowar
18.2,402.86,57.89,7.26,61.03,29.76,39.88,1413.84,0,Wheat
15.12,784.04,64.2,5.62,55.18,30.07,42.35,1281.89,1,Ragi
32.16,2082.32,80.23,6.16,115.04,66.58,67.96,504.99,1,Rice
17.89,952.91,61.98,6.4,86.66,48.24,48.44,362.44,1,Corn
10.33,376.43,36.91,6.91,74.05,48.71,56.62,1511.47,0,Wheat
32.75,451.79,59.04,6.72,54.24,24.42,21.82,106.29,0,Jowar
28.8,581.67,57.2,7.31,57.09,55.94,35.06,1732.96,1,Ragi
21.97,1283.62,70.98,5.67,101.31,66.65,71.1,110.82,1,Rice
17.66,525.05,38.18,7.21,73.1,43.48,33.65,2768.09,0,Wheat
26.64,1162.52,53.67,5.88,79.89,44.3,45.62,1031.52,1,Ragi
23.3,2050.93,84.52,6.07,110.81,78.43,48.01,312.55,1,Rice
22.06,1079.23,68.23,6.37,66.96,57.43,33.29,881.82,1,Ragi
16.44,838.8,44.51,7.44,45.88,44.32,40.62,1364.19,1,Ragi
6.58,347.43,26.84,6.77,63.57,36.99,56.92,1256.5,0,Wheat
22.63,910.2,50.54,6.83,35.75,47.24,41.62,93.71,0,Jowar
14.82,1065.04,63.35,5.24,62.06,43.24,32.88,1769.91,1,Ragi
30.61,1261.11,76.15,5.92,91.8,53.8,64.54,197.29,1,Rice
20.11,749.97,58.74,7.17,86.51,38.39,37.09,816.06,0,Wheat
28.57,2085.93,62.41,5.92,112.46,58.51,61.98,260.9,1,Rice
25.85,811.47,55.68,6.0,81.23,48.89,69.18,864.15,1,Corn
12.68,282.16,49.98,6.27,79.01,46.42,45.53,2669.63,0,Wheat
24.21,2126.13,67.77,5.52,104.84,46.43,76.97,565.83,1,Rice
17.24,671.16,57.72,6.92,66.34,39.27,36.36,1254.27,0,Wheat
17.41,813.01,55.98,6.39,74.88,36.58,55.66,1445.73,1,Ragi
24.44,667.7,53.15,7.07,63.07,42.41,21.3,494.77,0,Jowar
28.42,2074.6,60.77,5.61,107.93,42.4,42.37,2.42,1,Rice
25.09,651.57,58.17,6.85,47.87,31.21,33.34,1321.31,1,Ragi
29.01,1177.66,55.48,6.14,51.46,58.98,34.5,1297.9,1,Ragi
28.0,633.09,62.48,6.23,67.92,26.23,42.5,162.61,0,Jowar
26.81,460.2,61.81,6.89,58.38,30.35,19.9,43.59,0,Jowar
27.29,990.28,42.85,7.09,66.37,50.6,40.57,1651.99,1,Ragi
22.11,836.65,43.07,6.7,73.99,38.1,43.4,1614.17,1,Ragi
10.4,215.39,47.52,6.79,67.95,61.48,35.59,818.43,0,Wheat
30.88,548.24,58.44,7.28,54.41,31.21,35.08,304.73,0,Jowar
15.56,491.7,55.41,6.82,69.04,62.23,55.06,1044.14,0,Wheat
25.07,495.41,32.6,6.33,28.96,23.77,18.11,291.93,0,Jowar
29.48,1251.39,77.78,5.74,81.93,77.51,78.18,480.54,1,Rice
29.33,1046.52,63.72,5.55,98.29,58.92,46.92,1411.74,1,Corn
19.37,1052.13,63.65,7.39,97.35,63.1,57.77,843.02,1,Corn
19.26,594.54,53.3,6.61,55.39,31.74,48.08,1683.89,1,Ragi
34.07,1835.26,70.92,5.73,110.71,68.88,54.88,10.18,1,Rice
25.94,1871.42,76.17,5.77,118.43,70.77,77.35,534.56,1,Rice
23.88,1618.94,82.19,6.26,87.42,74.6,74.67,517.18,1,Rice
26.16,882.77,56.9,6.17,85.69,45.55,48.13,865.33,1,Corn
24.08,660.5,54.25,6.07,42.61,32.93,54.87,885.22,1,Ragi
34.58,1743.48,89.54,6.5,105.42,46.66,75.3,256.69,1,Rice
34.0,1692.33,88.36,6.84,87.11,42.29,43.55,6.13,1,Rice
19.3,863.0,56.45,6.49,45.92,40.91,48.03,1758.92,1,Ragi
22.85,2367.68,79.33,6.72,114.05,62.13,59.96,250.84,1,Rice
32.32,670.05,58.05,6.94,68.46,35.14,34.43,398.02,0,Jowar
21.43,936.75,31.72,7.92,57.17,31.03,28.77,18.25,0,Jowar
21.54,902.59,69.08,7.25,66.78,64.82,43.26,554.09,1,Corn
13.07,701.84,42.71,6.53,59.01,43.71,47.45,2435.47,0,Wheat
25.37,630.98,44.53,7.46,48.24,45.82,48.44,169.12,0,Jowar
26.98,749.11,67.65,6.3,85.02,69.1,67.38,297.58,1,Corn
10.64,675.38,56.71,6.33,75.32,43.93,64.84,1855.44,0,Wheat
6.55,424.25,46.61,7.13,74.41,59.11,41.49,1220.55,0,Wheat
16.79,680.29,50.33,6.86,60.16,31.38,29.59,713.31,1,Ragi
26.27,1271.07,76.61,7.32,90.41,46.41,40.31,756.16,1,Corn
34.38,1483.15,68.59,5.94,88.41,39.52,68.63,574.7,1,Rice
19.93,719.86,55.35,7.35,41.88,40.55,55.68,1075.09,1,Ragi
31.17,1010.75,55.62,5.61,70.5,44.73,57.17,526.23,1,Corn
29.57,506.73,57.54,6.63,66.67,33.05,57.59,811.76,1,Ragi
18.06,792.21,42.37,7.27,72.26,49.6,31.56,1514.76,1,Ragi
15.61,592.46,50.5,7.34,67.03,35.64,40.98,1748.96,0,Wheat
24.66,1011.31,48.04,6.81,41.62,41.59,49.13,778.6,1,Ragi
20.41,955.82,59.86,7.05,39.23,23.7,30.95,128.2,0,Jowar
23.58,528.67,47.87,7.12,67.33,25.55,38.94,405.5,0,Jowar
24.06,2348.64,78.95,5.71,96.6,63.93,42.66,522.68,1,Rice
22.2,860.07,38.16,6.82,43.14,45.18,23.21,276.95,0,Jowar
29.93,1443.85,59.43,5.69,66.25,54.16,62.94,471.66,1,Corn
18.76,1154.27,65.01,5.73,71.81,67.17,56.96,800.75,1,Corn
32.44,2170.94,65.45,5.81,94.68,59.29,64.64,220.45,1,Rice
34.29,1696.79,86.05,6.43,110.73,59.39,62.36,288.39,1,Rice
24.61,2084.9,62.2,5.55,90.35,58.54,74.76,436.61,1,Rice
19.52,842.4,45.19,5.56,42.26,32.66,60.8,905.67,1,Ragi
25.48,774.06,50.81,7.1,56.1,28.11,22.86,62.86,0,Jowar
25.55,1303.39,59.48,6.46,98.8,60.2,44.65,460.24,1,Corn
24.74,1992.13,76.68,6.46,82.98,76.39,78.79,354.09,1,Rice
12.06,402.8,56.62,6.09,56.31,33.45,60.08,829.01,0,Wheat
20.08,777.56,60.46,7.46,51.3,32.38,35.88,1574.61,0,Wheat
15.0,384.73,25.0,6.56,85.7,50.91,31.93,2736.86,0,Wheat
10.64,285.59,29.88,6.25,51.62,61.44,48.79,2338.56,0,Wheat
31.61,1510.49,62.91,7.51,67.75,48.62,43.68,636.19,1,Corn
20.33,905.55,56.5,6.23,58.68,37.18,30.68,111.09,0,Jowar
25.74,1500.39,65.77,6.12,115.3,59.6,46.84,39.4,1,Rice
11.91,280.74,52.81,6.56,80.17,48.44,56.34,2800.91,0,Wheat
6.88,542.88,37.02,6.37,71.85,52.29,31.42,2527.24,0,Wheat
24.99,497.87,52.17,6.91,49.09,32.35,48.2,102.55,0,Jowar
26.68,680.77,53.01,7.57,32.57,38.61,26.41,181.1,0,Jowar
23.17,1500.68,76.96,6.18,80.14,53.51,45.53,1459.96,1,Corn
27.94,1188.8,77.2,6.69,92.28,48.22,61.1,1390.21,1,Corn
18.34,769.8,26.49,6.04,70.9,32.37,65.45,1301.95,0,Wheat
21.49,1205.78,42.44,5.38,43.25,49.53,32.39,1611.32,1,Ragi
26.29,1553.11,65.87,6.55,88.95,63.95,50.72,398.56,1,Rice
23.16,2132.05,87.25,5.74,81.3,68.74,62.08,496.06,1,Rice
33.35,1623.42,65.66,6.35,118.3,68.41,63.37,64.02,1,Rice
25.29,585.07,58.91,5.92,97.64,61.01,49.68,403.35,1,Corn
17.74,657.79,48.57,6.59,63.4,50.46,40.45,1584.57,1,Ragi
21.72,486.21,30.87,6.31,85.84,62.08,51.45,2487.33,0,Wheat
33.89,2316.65,60.9,5.53,94.37,71.96,79.03,85.63,1,Rice
22.5,548.68,69.02,6.65,50.65,47.06,32.77,1753.87,1,Ragi
34.83,1450.18,83.93,6.87,117.98,78.56,61.01,587.9,1,Rice
18.58,716.93,43.68,5.73,62.33,42.88,40.03,1492.01,1,Ragi
30.31,660.67,48.59,6.68,79.57,58.11,45.72,1560.47,1,Ragi
25.72,1908.25,64.36,6.71,83.19,79.61,71.03,120.6,1,Rice
28.08,542.45,52.22,6.22,50.62,32.56,27.48,296.42,0,Jowar
19.7,657.11,41.66,7.09,36.51,45.12,27.06,106.5,0,Jowar
30.99,1542.62,82.82,5.68,90.07,76.5,70.95,22.24,1,Rice
31.05,1300.61,62.29,6.97,94.59,54.57,72.25,565.78,1,Rice
11.7,409.54,47.49,6.9,62.17,35.51,43.19,1716.3,0,Wheat
27.37,2243.15,65.25,5.67,112.2,61.87,69.58,281.38,1,Rice
23.74,1503.76,76.31,6.43,90.92,43.04,56.38,147.87,1,Rice
32.96,731.12,41.18,6.58,31.05,44.28,33.32,160.66,0,Jowar
22.53,2463.47,82.39,5.97,114.06,51.85,75.5,73.46,1,Rice
27.25,1799.56,62.59,5.58,107.0,58.44,56.06,423.56,1,Rice
16.15,631.53,42.95,6.55,86.01,49.61,53.72,1541.12,0,Wheat
34.63,445.78,51.56,6.88,44.22,23.37,37.54,246.17,0,Jowar
28.77,1121.94,43.91,7.13,65.17,41.61,44.21,1599.47,1,Ragi
22.62,1276.55,78.2,6.23,92.53,45.29,63.79,1084.69,1,Corn
21.13,1091.15,61.28,6.9,79.26,65.23,60.49,1122.94,1,Corn
19.6,207.81,48.52,6.81,56.39,58.35,42.65,1443.73,0,Wheat
23.94,615.47,43.43,7.32,75.29,55.68,47.82,1560.45,1,Ragi
27.7,2167.21,79.22,6.42,93.62,73.34,58.54,584.33,1,Rice
26.83,1085.36,48.19,7.37,41.26,34.01,45.64,1286.08,1,Ragi
18.81,949.3,68.78,6.18,70.0,56.7,67.38,335.76,1,Corn
24.69,1032.73,64.83,7.13,56.82,32.22,42.74,1415.3,1,Ragi
11.91,392.32,39.66,6.87,67.75,39.64,57.05,1973.39,0,Wheat
19.52,861.56,41.67,7.42,53.94,44.03,40.35,1415.93,1,Ragi
27.76,801.14,62.95,5.89,60.87,69.46,53.31,1466.79,1,Corn
26.83,795.87,60.09,7.48,66.76,21.1,19.84,325.46,0,Jowar
21.04,1108.75,51.5,7.05,84.41,59.55,42.34,561.08,1,Corn
31.41,1487.18,64.61,5.54,94.8,64.11,56.21,267.65,1,Rice
18.21,1231.86,58.64,6.77,69.35,55.9,61.94,1401.37,1,Corn
24.75,1451.06,61.25,6.21,102.83,42.79,71.18,273.56,1,Rice
24.65,668.8,48.39,5.87,67.43,38.77,35.95,1788.76,1,Ragi
24.28,2224.91,68.99,6.27,92.64,46.2,66.03,41.08,1,Rice
33.05,612.89,31.46,7.69,66.26,44.49,23.71,497.68,0,Jowar
29.64,1306.8,84.02,6.41,112.81,71.09,73.14,321.0,1,Rice
29.59,823.02,58.22,7.9,38.21,39.85,30.19,322.18,0,Jowar
32.77,797.1,35.91,6.82,48.03,20.5,47.48,52.75,0,Jowar
24.69,981.5,36.66,6.69,44.13,20.13,45.06,14.8,0,Jowar
20.22,993.58,71.64,6.04,59.61,55.44,67.9,761.6,1,Corn
34.01,1248.48,81.14,5.95,117.3,79.06,77.99,286.7,1,Rice
26.83,2209.0,70.21,6.9,114.31,57.14,70.02,452.56,1,Rice
24.51,2362.87,87.04,5.57,114.36,46.04,54.29,454.97,1,Rice
30.68,1471.15,72.0,6.72,104.17,41.55,71.78,34.55,1,Rice
22.94,1579.21,89.21,6.86,99.27,65.5,51.79,119.85,1,Rice
21.12,675.75,55.85,5.84,75.97,56.78,44.17,984.47,1,Ragi
28.87,1513.16,67.97,6.06,80.65,52.78,48.36,195.48,1,Rice
9.97,564.85,49.54,6.6,85.76,64.68,47.66,1663.24,0,Wheat
27.58,1155.32,81.17,7.32,78.77,52.71,50.46,498.48,1,Corn
34.74,1923.31,89.42,6.16,93.14,60.69,58.03,67.86,1,Rice
29.53,1568.26,80.3,6.77,110.38,41.04,58.68,57.51,1,Rice
32.88,755.13,37.41,6.97,70.41,43.71,45.46,27.63,0,Jowar
25.33,728.33,42.87,7.44,51.49,42.74,49.52,629.91,1,Ragi
27.72,2040.49,72.45,5.93,120.14,56.89,76.28,143.17,1,Rice
27.12,1911.85,87.46,6.44,85.07,77.85,65.37,203.56,1,Rice
7.65,277.05,25.44,6.95,64.38,33.69,41.31,1171.78,0,Wheat
20.21,677.2,63.12,7.16,79.19,65.05,62.06,553.03,1,Corn
22.88,1080.09,58.98,6.06,76.59,50.55,56.88,1222.87,1,Ragi
15.29,780.83,45.51,7.08,67.31,31.78,57.58,873.68,0,Wheat
22.05,575.39,35.1,7.62,38.95,41.55,48.33,264.19,0,Jowar
31.2,1549.92,72.18,5.68,86.91,67.02,47.03,312.85,1,Rice
33.36,1686.12,61.11,6.38,82.3,52.31,58.8,509.53,1,Rice
24.61,875.13,49.56,5.31,42.69,54.22,56.83,1372.51,1,Ragi
22.68,785.93,67.11,6.18,85.61,40.01,41.47,415.02,1,Corn
23.96,413.23,44.39,7.78,68.82,38.79,24.53,449.7,0,Jowar
19.44,1217.75,68.75,5.56,91.84,46.38,51.89,1090.72,1,Corn
22.02,1305.16,65.94,5.53,86.81,63.02,56.56,532.6,1,Rice
14.56,394.55,24.7,6.11,60.08,52.07,32.42,2023.2,0,Wheat
28.34,600.66,50.55,6.53,45.71,58.59,57.0,795.88,1,Ragi
30.5,809.05,55.89,7.43,60.55,63.27,49.34,341.97,1,Corn
25.1,1230.76,64.93,6.87,116.19,64.72,64.84,407.26,1,Rice
27.76,1105.91,47.86,5.54,54.87,36.16,49.12,1580.74,1,Ragi
28.29,1502.92,62.83,6.4,90.63,62.64,45.56,282.58,1,Rice
18.86,576.15,24.99,7.14,79.85,47.82,61.59,2798.42,0,Wheat
28.53,1074.11,70.97,6.02,97.44,55.75,64.78,736.5,1,Corn
30.9,821.15,41.59,6.52,68.86,48.12,34.14,427.26,0,Jowar
18.78,557.07,28.54,6.43,62.83,50.24,39.65,966.65,0,Wheat
11.68,384.43,43.27,6.31,87.23,45.98,35.25,1834.09,0,Wheat
8.31,242.31,49.48,6.39,70.85,56.71,50.27,989.05,0,Wheat
17.32,628.0,50.95,6.08,64.92,32.23,45.11,819.13,1,Ragi
28.98,604.68,59.99,7.22,58.04,29.24,46.98,392.03,0,Jowar
29.13,2068.64,68.42,6.37,97.17,67.99,47.17,357.76,1,Rice
30.3,2412.2,85.76,6.64,110.97,66.22,50.03,540.52,1,Rice
25.4,1406.69,79.82,7.0,98.67,63.51,68.79,1147.66,1,Corn
23.66,2225.97,63.66,6.69,90.9,75.0,77.68,88.43,1,Rice
25.16,554.67,32.64,6.13,66.78,41.67,41.13,320.5,0,Jowar
34.38,1811.37,78.59,5.76,119.93,49.45,77.9,391.66,1,Rice
6.77,438.4,31.12,6.6,64.36,55.17,56.42,2128.69,0,Wheat
28.86,568.92,56.45,6.86,70.47,48.33,35.13,1558.17,1,Ragi
28.46,2114.78,89.88,5.7,91.13,55.88,56.97,247.53,1,Rice
31.33,1301.57,57.92,7.31,77.16,58.39,66.05,537.14,1,Corn
13.23,687.93,40.95,6.26,90.64,39.53,56.18,1125.51,0,Wheat
29.81,1708.83,59.64,5.7,106.95,65.23,39.96,121.92,1,Rice
32.42,1555.55,73.34,5.62,81.27,78.68,73.61,419.32,1,Rice
25.95,1089.56,75.38,5.69,73.27,55.74,63.93,555.69,1,Corn
11.12,637.5,33.84,7.1,89.33,51.06,52.68,964.47,0,Wheat
29.83,914.74,56.37,5.24,63.36,42.34,49.15,1075.83,1,Ragi
16.35,817.74,62.83,6.99,60.0,56.99,38.17,1094.16,1,Ragi
10.81,443.4,47.67,7.17,80.84,59.45,32.07,914.45,0,Wheat
30.79,618.54,69.66,6.27,86.99,57.72,46.76,1317.24,1,Corn
31.71,1986.2,65.08,5.75,82.92,75.04,64.44,428.82,1,Rice
21.44,1136.72,78.04,7.01,87.18,57.83,54.99,527.35,1,Corn
22.87,494.31,52.69,6.62,31.69,47.29,27.44,470.92,0,Jowar
20.19,624.93,61.89,6.0,52.25,34.2,45.36,33.6,0,Jowar
31.43,737.78,55.69,7.24,76.26,40.5,48.58,1020.84,1,Corn
22.77,1954.14,83.54,6.84,94.68,73.51,45.09,514.51,1,Rice
18.34,630.37,64.55,5.99,88.45,57.54,42.9,500.88,1,Corn
20.64,1165.58,42.75,6.4,64.81,50.37,38.46,1045.34,1,Ragi
14.41,435.13,28.41,6.47,77.93,50.71,33.48,1152.21,0,Wheat
26.8,381.29,39.3,7.59,49.68,31.86,26.91,132.47,0,Jowar
28.71,992.12,62.02,5.53,56.83,47.94,52.51,718.83,1,Ragi
5.6,538.6,51.05,6.95,81.28,55.97,54.79,2613.11,0,Wheat
30.57,1291.64,67.39,5.75,82.01,51.19,64.25,1214.63,1,Corn
20.79,1229.26,68.31,5.88,71.28,52.5,61.21,1068.79,1,Corn
29.64,1250.13,81.0,5.56,75.91,49.57,49.0,578.39,1,Corn
26.79,923.82,68.1,7.07,71.73,32.63,31.17,864.58,1,Ragi
11.5,632.29,55.98,6.01,87.42,47.95,54.57,2682.85,0,Wheat
30.54,1499.76,64.33,5.66,91.68,58.1,54.58,682.59,1,Corn
29.01,932.89,79.48,6.37,66.23,54.12,60.52,1300.11,1,Corn
25.26,1709.07,68.81,6.04,108.99,52.03,62.81,287.12,1,Rice
29.81,1134.58,58.6,6.34,41.99,37.98,44.37,1360.05,1,Ragi
18.94,856.03,68.62,6.63,84.19,56.28,47.99,591.41,1,Corn
31.71,701.97,42.6,6.56,55.84,40.87,46.22,172.04,0,Jowar
27.29,2446.79,73.42,5.95,103.29,48.24,41.67,63.7,1,Rice
27.97,426.03,29.9,6.48,56.96,23.46,23.24,203.71,0,Jowar
21.75,687.49,52.72,6.36,98.37,46.89,48.06,424.65,1,Corn
24.78,1773.82,88.91,6.64,80.13,41.97,57.92,539.14,1,Rice
31.7,1755.06,70.47,6.06,119.65,41.7,74.78,348.17,1,Rice
34.44,900.04,53.03,6.63,70.49,29.0,26.86,228.88,0,Jowar
28.86,2112.31,81.62,6.49,92.07,46.96,66.15,366.66,1,Rice
28.08,1288.07,58.0,5.59,60.25,50.63,47.36,375.93,1,Corn
33.84,750.74,51.88,7.69,41.61,30.46,47.01,448.76,0,Jowar
13.27,675.57,50.44,6.87,70.68,44.36,63.45,2026.47,0,Wheat
32.13,1374.39,65.21,7.01,67.08,56.66,49.67,506.4,1,Corn
10.03,173.86,34.43,6.38,63.72,33.27,46.42,2309.9,0,Wheat
25.28,1364.79,71.73,5.92,75.42,54.87,63.94,1303.24,1,Corn
26.42,1637.64,82.63,6.48,116.61,59.63,45.53,435.4,1,Rice
18.66,568.62,49.55,5.24,47.24,59.73,43.43,1239.32,1,Ragi
25.29,885.45,51.26,6.04,61.99,29.84,32.02,1654.19,1,Ragi
26.5,2149.66,79.66,6.77,107.83,57.28,67.01,166.1,1,Rice
23.31,949.42,47.59,6.71,64.02,31.24,29.44,97.51,0,Jowar
25.06,1588.25,67.86,5.81,114.98,52.73,78.39,594.96,1,Rice
22.79,381.83,33.31,6.58,32.79,48.32,28.0,52.62,0,Jowar
34.96,986.91,48.03,6.62,49.25,33.98,30.95,157.77,0,Jowar
5.88,192.89,39.5,7.19,60.28,41.95,60.34,2626.26,0,Wheat
20.26,1015.29,76.83,6.35,94.18,58.11,46.16,1001.32,1,Corn
27.0,1149.94,59.04,7.37,45.43,43.9,47.63,1293.88,1,Ragi
22.78,1004.97,59.76,7.49,93.37,45.48,40.71,356.73,1,Corn
21.34,551.7,49.05,6.51,65.53,55.89,62.65,2185.56,0,Wheat
31.29,743.44,51.85,7.49,33.66,44.29,40.46,281.62,0,Jowar
28.28,645.68,30.19,6.61,60.91,39.69,40.74,339.03,0,Jowar
24.66,656.49,65.18,5.39,40.64,50.52,43.26,1608.85,1,Ragi
23.55,657.79,65.55,6.53,40.26,55.53,56.99,675.83,1,Ragi
19.79,765.83,51.43,6.36,63.78,31.54,59.38,2671.96,0,Wheat
24.87,533.77,46.48,7.09,54.75,27.37,48.11,81.42,0,Jowar
30.15,550.65,51.27,6.22,61.05,40.09,52.49,1655.86,1,Ragi
21.06,837.62,65.95,5.86,75.25,32.95,53.61,1620.16,1,Ragi
31.58,1099.31,73.78,6.41,91.6,47.31,52.3,1072.77,1,Corn
28.95,676.34,63.78,5.12,60.68,31.55,57.46,1513.98,1,Ragi
20.44,1484.35,61.44,5.72,80.03,66.41,66.81,315.03,1,Corn
19.17,1270.59,55.05,6.24,60.8,43.89,44.98,363.08,1,Corn
33.03,825.43,49.44,7.23,34.04,34.48,26.08,106.85,0,Jowar
25.06,674.98,41.37,6.21,35.34,20.68,33.78,474.0,0,Jowar
29.96,1279.36,74.14,6.53,107.85,55.43,78.17,105.42,1,Rice
15.87,1083.65,64.73,5.78,47.06,35.46,52.01,1382.25,1,Ragi
27.74,952.71,70.31,6.24,88.35,62.81,61.65,446.06,1,Corn
28.37,1581.56,64.81,5.97,92.21,40.95,52.99,260.57,1,Rice
23.75,702.82,45.32,6.01,51.61,39.4,37.31,363.7,0,Jowar
24.94,496.09,63.97,5.19,47.35,41.38,44.34,1023.9,1,Ragi
19.17,1178.18,67.06,6.81,61.2,46.88,60.53,1771.64,1,Ragi
24.03,725.15,34.89,6.26,67.5,43.96,25.25,201.58,0,Jowar
32.49,761.56,39.27,6.42,44.29,34.74,29.33,261.93,0,Jowar
20.76,1093.63,58.76,6.16,74.5,42.19,69.87,340.74,1,Corn
18.13,1031.12,51.56,7.45,91.44,54.58,42.48,1009.74,1,Corn
22.04,871.93,73.43,6.09,82.42,47.42,64.45,432.0,1,Corn
30.75,1328.99,76.91,5.53,98.74,54.27,64.01,453.31,1,Corn
8.84,411.77,52.86,7.35,56.93,48.23,51.52,1940.29,0,Wheat
27.08,1202.4,62.68,5.6,91.75,60.61,54.43,1382.21,1,Corn
11.91,797.45,33.95,6.58,62.61,34.21,47.52,1636.89,0,Wheat
20.08,789.54,61.11,6.46,74.82,46.98,50.94,1158.43,0,Wheat
24.95,1437.91,76.73,7.07,71.89,56.38,46.74,832.96,1,Corn
20.48,744.27,43.76,7.03,53.23,29.88,29.33,371.49,0,Jowar
26.94,2254.99,72.84,6.06,98.01,51.73,69.57,298.34,1,Rice
21.77,906.77,50.24,7.77,67.03,21.29,34.71,184.27,0,Jowar
29.88,676.94,51.97,6.9,37.4,35.14,35.76,404.32,0,Jowar
18.53,1389.74,69.93,5.72,61.37,68.43,59.61,792.74,1,Corn
17.41,738.78,42.28,6.54,43.51,58.68,52.52,1059.33,1,Ragi
30.87,1381.47,59.22,6.66,62.55,47.38,42.47,674.63,1,Corn
33.11,2521.29,90.98,6.37,112.38,78.87,75.07,159.24,1,Rice
24.73,1238.89,79.47,6.05,114.46,58.85,78.65,110.52,1,Rice
26.2,627.93,49.49,7.15,59.01,34.64,22.48,422.54,0,Jowar
23.45,667.35,38.96,7.2,46.34,34.45,37.1,111.61,0,Jowar
7.75,541.9,41.04,6.99,81.53,56.12,62.81,1674.44,0,Wheat
30.09,429.42,41.59,7.25,32.49,20.87,33.66,167.9,0,Jowar
24.9,868.43,57.78,7.27,68.11,53.62,46.46,1236.43,1,Corn
20.89,1111.32,40.96,7.39,66.48,48.48,37.66,893.98,1,Ragi
19.36,713.9,32.17,6.26,68.07,60.33,40.1,2222.6,0,Wheat
27.37,1980.09,64.13,6.49,86.15,67.08,48.5,63.72,1,Rice
24.43,1831.75,82.03,6.23,98.99,73.31,54.23,513.65,1,Rice
33.68,885.5,64.08,7.76,40.93,23.0,23.19,143.81,0,Jowar
29.5,795.92,31.45,7.67,62.23,28.23,41.72,112.06,0,Jowar
29.24,690.24,33.32,7.54,59.95,29.39,29.23,419.32,0,Jowar
13.2,564.6,41.87,7.4,59.76,39.68,62.31,969.72,0,Wheat
18.74,752.81,69.79,6.71,78.12,34.38,41.57,1266.73,1,Ragi
25.64,1393.13,59.45,5.76,79.08,62.07,42.97,806.32,1,Corn
21.89,1426.16,52.95,5.89,83.9,55.74,42.68,321.74,1,Corn
25.61,1297.87,73.05,6.75,91.95,50.34,66.75,1041.04,1,Corn
25.03,1012.28,42.23,6.24,71.17,57.14,44.46,1730.87,1,Ragi
22.96,2356.38,65.45,5.98,88.61,53.9,42.47,308.4,1,Rice
27.95,830.62,36.95,6.71,43.45,48.04,32.58,370.12,0,Jowar
22.42,1964.69,88.37,6.37,95.77,65.89,58.49,328.96,1,Rice
28.37,1048.1,48.1,5.11,45.07,52.52,36.65,1052.14,1,Ragi
32.81,1627.96,75.26,6.38,77.29,64.38,44.96,555.07,1,Rice
5.01,390.2,54.7,5.97,66.12,60.68,41.91,1722.85,0,Wheat
31.03,754.89,69.54,6.83,69.58,49.4,64.7,1210.78,1,Corn
22.88,729.98,40.75,7.28,35.62,40.25,29.1,6.16,0,Jowar
23.83,1138.68,51.39,7.18,85.55,51.87,40.24,1007.51,1,Corn
12.11,534.01,38.18,5.98,87.05,41.27,55.67,1500.59,0,Wheat
21.7,514.59,34.17,7.24,34.64,43.21,21.19,130.47,0,Jowar
27.22,457.82,58.71,6.51,60.15,22.81,49.41,104.06,0,Jowar
13.5,314.22,51.16,6.38,64.65,50.49,40.61,1637.9,0,Wheat
7.4,227.33,38.4,6.94,54.65,41.08,44.74,1151.96,0,Wheat
24.51,850.5,43.25,5.77,71.58,55.5,33.77,1739.42,1,Ragi
34.14,2280.76,83.69,6.72,116.61,61.31,47.55,365.43,1,Rice
33.03,614.59,62.38,7.4,40.21,36.87,35.94,68.41,0,Jowar
33.43,2163.93,80.96,6.56,94.45,51.79,72.42,486.53,1,Rice
28.12,1403.37,70.12,5.91,97.15,47.83,44.39,406.93,1,Corn
23.45,1218.36,78.31,7.26,72.37,69.06,39.22,324.32,1,Corn
8.52,274.58,42.99,6.12,73.66,31.21,33.84,2011.08,0,Wheat
27.63,930.56,35.32,7.6,61.03,23.38,31.53,80.77,0,Jowar
29.35,1407.33,81.55,6.78,87.84,43.27,40.39,379.64,1,Rice
31.47,608.63,78.09,6.23,59.89,60.33,69.07,1455.34,1,Corn
34.85,593.99,43.17,7.23,58.46,31.57,46.96,278.14,0,Jowar
22.94,874.07,76.64,7.11,81.29,44.38,46.91,1092.06,1,Corn
14.87,415.74,28.16,7.43,81.92,60.02,43.49,2480.37,0,Wheat
33.84,577.68,62.66,7.77,39.29,43.09,48.85,116.18,0,Jowar
21.72,888.87,59.57,6.69,76.79,59.59,51.29,941.5,1,Ragi
34.43,436.37,48.17,7.19,67.65,22.04,37.77,432.44,0,Jowar
33.13,536.08,39.4,6.09,61.22,32.11,26.47,111.87,0,Jowar
30.0,908.76,34.38,7.03,58.84,38.24,45.62,42.5,0,Jowar
16.33,649.06,50.92,6.57,62.52,34.25,39.18,891.35,1,Ragi
22.92,966.39,60.69,7.38,60.67,41.61,58.23,1366.67,1,Ragi
25.94,526.63,53.16,6.96,54.44,47.5,36.74,1496.31,1,Ragi
25.87,2045.13,81.29,6.28,92.92,48.98,41.8,187.06,1,Rice
27.46,715.13,52.09,5.8,58.9,38.7,58.98,976.75,1,Ragi
16.39,594.4,27.3,6.33,88.84,48.96,43.5,2479.04,0,Wheat
19.83,733.74,27.65,6.63,73.62,35.35,56.99,2439.35,0,Wheat
34.58,689.26,55.59,6.75,37.56,33.42,25.1,492.28,0,Jowar
20.02,754.91,62.99,6.45,58.96,43.26,50.16,1108.65,1,Corn
25.03,1363.21,57.02,7.37,98.12,68.72,65.08,736.08,1,Corn
8.13,427.44,23.81,6.17,51.01,36.61,31.72,2304.41,0,Wheat
19.75,667.35,47.82,7.07,55.92,23.75,26.0,389.65,0,Jowar
21.43,1180.95,54.92,6.06,95.02,50.89,55.72,1440.11,1,Corn
20.43,728.07,59.39,6.94,31.92,36.0,29.15,69.32,0,Jowar
24.38,1903.28,86.13,6.6,112.17,66.29,67.63,508.92,1,Rice
20.4,1031.26,73.5,6.62,95.06,58.65,60.24,1096.7,1,Corn
27.76,709.13,45.57,5.32,51.59,53.19,43.93,870.83,1,Ragi
31.97,478.79,43.32,7.71,34.22,49.3,50.62,54.59,0,Jowar
21.56,701.58,32.89,7.94,31.37,42.49,35.64,183.15,0,Jowar
21.79,530.37,57.56,6.07,64.2,21.43,40.73,192.7,0,Jowar
21.79,900.48,40.1,7.3,51.59,33.44,34.16,358.99,0,Jowar
28.28,897.58,57.93,6.45,59.54,44.61,30.99,92.38,0,Jowar
20.21,1168.76,50.65,6.1,64.54,56.45,58.89,1155.77,1,Corn
10.28,642.58,53.87,6.41,63.02,53.81,55.01,2355.68,0,Wheat
24.05,870.07,67.84,5.86,84.5,44.83,41.53,692.59,1,Corn
29.89,550.36,34.31,6.11,42.01,24.6,25.09,379.03,0,Jowar
20.45,585.18,51.29,7.27,52.73,57.52,51.84,956.54,0,Wheat
27.25,905.01,54.5,6.97,39.99,46.34,37.1,108.45,0,Jowar
19.81,713.71,62.83,5.12,39.93,53.48,43.92,753.15,1,Ragi
28.81,1140.78,61.24,7.17,44.56,56.62,40.29,820.7,1,Ragi
23.95,1049.26,40.01,6.21,65.71,36.33,37.99,1323.97,1,Ragi
25.45,2453.65,76.6,6.02,103.02,45.43,57.63,374.4,1,Rice
28.2,1238.49,68.65,5.66,80.37,78.15,51.45,471.49,1,Rice
6.3,775.31,46.17,7.07,71.98,59.86,31.81,1396.91,0,Wheat
19.58,874.89,61.29,7.26,72.22,50.64,50.74,1738.64,1,Ragi
26.23,1855.76,78.05,6.85,99.79,59.65,41.61,16.95,1,Rice
34.49,1522.5,72.85,5.75,121.01,77.95,62.47,513.95,1,Rice
25.32,790.44,56.74,7.04,52.62,25.37,27.97,74.49,0,Jowar
6.02,734.69,38.44,6.98,88.15,36.15,50.68,2490.14,0,Wheat
29.62,899.12,79.88,6.93,63.12,41.47,45.46,1177.55,1,Corn
20.18,836.11,66.82,7.11,62.26,70.06,54.19,736.46,1,Corn
27.14,1038.2,43.46,6.61,73.43,47.36,49.43,1150.42,1,Ragi
34.3,1674.63,76.51,6.71,97.5,65.98,75.59,580.66,1,Rice
21.14,1286.3,65.36,7.34,76.4,65.59,52.97,1470.09,1,Corn
28.72,982.9,48.49,7.81,33.12,25.59,33.09,291.01,0,Jowar
27.15,645.09,70.69,6.84,67.69,46.03,57.31,1199.01,1,Corn
20.02,291.14,51.64,7.41,77.32,63.57,51.61,1266.63,0,Wheat
34.98,1994.71,71.24,6.49,85.68,76.05,60.63,274.69,1,Rice
28.34,1334.29,75.1,6.22,87.46,57.71,56.3,373.06,1,Rice
17.88,377.94,39.02,6.44,52.8,62.6,48.92,2530.47,0,Wheat
24.84,1072.25,54.54,5.92,45.16,56.83,54.04,807.23,1,Ragi
7.59,614.97,56.84,6.66,67.63,46.23,33.61,2769.72,0,Wheat
21.94,1138.26,53.89,7.16,90.94,53.26,64.54,586.19,1,Corn
31.95,714.81,30.75,6.61,52.01,47.84,45.1,107.45,0,Jowar
21.64,687.01,71.49,7.16,68.27,50.87,53.62,926.61,1,Corn
23.45,528.92,45.74,7.3,74.74,52.37,29.52,981.76,1,Ragi
33.22,2427.0,82.86,5.95,106.41,56.76,49.44,497.06,1,Rice
26.35,637.36,34.62,6.83,50.2,19.81,32.46,382.04,0,Jowar
20.58,1145.98,41.03,5.8,42.88,53.4,51.47,1001.64,1,Ragi
27.64,654.64,43.81,7.13,46.55,59.43,55.47,1202.96,1,Ragi
28.15,868.06,67.85,6.21,59.54,33.54,54.03,895.85,1,Ragi
7.73,554.22,51.29,6.13,87.44,64.48,51.62,1862.81,0,Wheat
13.16,530.38,54.31,6.67,79.48,46.16,45.57,2481.92,0,Wheat
19.75,568.13,40.42,6.14,74.05,47.55,60.36,948.02,1,Ragi
18.23,923.16,47.25,6.43,53.87,54.38,54.29,1169.51,1,Ragi
27.96,668.94,63.74,6.3,49.28,32.03,36.64,245.78,0,Jowar
20.93,880.59,55.99,7.5,58.14,39.74,33.97,317.74,0,Jowar
5.22,294.37,44.21,7.14,55.03,32.64,55.06,1459.74,0,Wheat
25.42,721.64,46.18,5.78,44.51,34.84,33.67,1112.79,1,Ragi
28.03,2007.48,85.8,6.96,110.11,56.3,56.44,438.41,1,Rice
20.5,892.61,52.45,7.09,73.12,48.71,41.56,909.98,1,Ragi
20.36,746.97,45.39,6.12,66.7,46.16,45.64,2029.25,0,Wheat
29.7,601.57,56.51,7.3,55.64,36.7,20.44,349.19,0,Jowar
19.52,741.05,44.76,6.67,43.1,48.93,57.1,1679.04,1,Ragi
16.15,458.26,48.71,6.67,63.24,40.56,44.31,850.12,0,Wheat
27.11,1675.51,83.35,6.22,90.82,59.32,46.86,118.07,1,Rice
30.72,668.9,54.49,6.14,34.91,35.55,38.32,462.24,0,Jowar
31.48,891.57,73.93,5.92,81.78,45.37,50.4,1417.37,1,Corn
17.08,737.23,29.73,6.18,70.06,50.44,45.74,2107.09,0,Wheat
28.76,1074.04,64.75,5.74,56.4,43.6,34.2,632.07,1,Ragi
28.17,1047.78,45.03,6.74,78.74,51.1,40.57,1206.96,1,Ragi
21.19,1056.81,66.73,5.93,89.73,48.93,67.3,1084.48,1,Corn
27.51,954.55,64.85,7.49,68.88,52.75,48.97,1220.28,1,Corn
26.7,1885.75,88.46,5.91,98.26,71.45,50.38,58.49,1,Rice
32.08,1375.54,59.08,6.12,87.0,40.32,67.32,50.28,1,Rice
22.63,1439.8,82.53,6.53,120.35,71.58,79.17,432.91,1,Rice
34.03,884.79,54.31,6.01,47.2,25.98,47.38,87.88,0,Jowar
30.6,427.56,61.86,6.97,48.59,37.11,24.6,235.76,0,Jowar
21.42,480.89,59.43,6.74,83.8,65.19,64.39,951.57,0,Wheat
20.78,1066.67,58.87,7.16,45.65,54.54,30.13,1649.72,1,Ragi
9.13,796.46,60.39,6.13,88.3,40.69,54.69,1549.45,0,Wheat
8.42,794.06,25.27,6.4,58.02,30.51,55.65,2325.69,0,Wheat
23.57,1028.46,48.82,6.43,44.17,42.84,52.94,1436.39,1,Ragi
24.58,903.8,32.64,8.02,36.86,44.98,32.94,257.07,0,Jowar
32.63,2196.23,84.2,6.16,113.11,45.07,62.04,6.09,1,Rice
20.79,528.04,36.62,6.69,47.29,35.62,34.67,139.02,0,Jowar
31.89,768.07,68.0,5.69,89.76,70.11,64.84,969.53,1,Corn
26.56,1970.67,80.63,6.52,94.18,46.14,56.68,80.19,1,Rice
22.31,1771.89,63.19,6.63,117.2,57.77,50.76,264.76,1,Rice
8.61,400.37,25.53,7.03,61.17,58.81,42.85,1858.72,0,Wheat
30.86,985.08,56.37,6.41,49.32,23.24,32.78,381.72,0,Jowar
19.14,684.35,43.09,5.5,63.79,39.78,43.56,1062.67,1,Ragi
22.48,711.7,51.77,7.47,85.54,55.81,62.51,1303.54,1,Corn
24.0,855.07,44.18,6.04,31.79,34.76,35.59,20.72,0,Jowar
21.57,854.01,42.94,5.72,54.23,59.18,39.31,1161.35,1,Ragi
17.97,602.9,36.64,7.31,87.88,48.76,49.03,1446.84,0,Wheat
27.91,1114.36,67.14,6.27,65.34,52.19,32.77,1309.54,1,Ragi
32.34,704.88,78.52,5.8,77.94,67.02,68.67,922.43,1,Corn
22.8,1428.26,71.56,7.5,92.05,69.17,47.4,1234.92,1,Corn
21.16,1302.02,59.46,5.56,98.67,45.69,40.89,590.55,1,Corn
17.82,483.66,36.89,6.62,64.27,62.75,56.04,1249.34,0,Wheat
20.87,797.68,41.61,5.7,78.84,59.02,40.98,655.83,1,Ragi
22.18,1413.74,76.7,6.54,106.43,49.21,68.72,144.69,1,Rice
34.92,1300.11,80.13,5.63,96.04,72.83,58.02,605.1,1,Rice
23.95,1304.42,74.21,6.07,73.1,67.75,44.62,347.33,1,Corn
23.86,1032.68,53.84,6.84,83.39,48.53,40.11,390.17,1,Corn
21.06,755.84,58.09,7.39,72.42,38.57,58.82,1279.06,0,Wheat
33.33,2053.83,82.99,6.16,104.27,49.31,67.59,250.27,1,Rice
19.82,1099.84,42.02,5.51,69.38,31.06,44.29,1125.71,1,Ragi
28.99,923.36,70.44,5.17,46.38,32.96,37.2,1265.95,1,Ragi
21.98,2050.97,88.3,6.32,116.58,41.49,56.15,150.12,1,Rice
22.48,900.15,55.01,6.27,59.95,34.68,49.79,85.18,0,Jowar
29.13,717.82,53.2,7.34,89.88,57.58,62.96,813.51,1,Corn
21.92,623.36,64.8,7.23,96.45,69.09,66.79,1000.13,1,Corn
32.69,503.94,60.22,7.38,51.28,45.23,32.9,100.17,0,Jowar
10.73,242.12,41.9,6.41,78.98,63.74,54.43,2753.7,0,Wheat
28.76,1770.68,71.91,6.34,86.04,47.16,74.36,566.51,1,Rice
30.86,876.42,46.29,7.46,46.73,27.19,39.83,496.48,0,Jowar
32.85,440.36,31.58,6.77,37.11,37.52,48.29,203.44,0,Jowar
23.52,691.34,40.4,6.31,39.33,20.28,40.34,238.16,0,Jowar
16.01,729.02,52.68,6.17,65.56,57.32,44.82,2941.3,0,Wheat
32.25,681.49,64.82,7.12,92.5,63.43,51.1,850.89,1,Corn
27.87,604.74,57.01,5.97,39.46,38.96,36.5,1408.74,1,Ragi
8.99,324.84,45.74,6.76,49.32,58.39,53.98,2249.42,0,Wheat
28.05,562.75,61.63,7.86,46.32,46.86,31.66,369.87,0,Jowar
26.03,1856.26,61.09,5.72,119.23,78.45,40.04,569.52,1,Rice
28.17,499.6,48.74,6.51,38.55,22.73,43.66,221.54,0,Jowar
13.27,743.18,25.45,6.72,82.89,49.72,38.83,1666.33,0,Wheat
11.46,690.25,45.09,6.17,65.21,38.69,48.31,2657.4,0,Wheat
18.9,880.73,54.88,6.77,43.34,36.23,36.85,1489.91,1,Ragi
18.92,506.76,59.47,6.28,57.85,59.03,47.16,1636.32,1,Ragi
27.72,1010.58,69.5,5.39,49.14,36.43,53.85,825.07,1,Ragi
18.25,934.66,71.61,7.29,74.54,51.38,59.75,1418.01,1,Corn
31.47,635.28,79.39,5.51,95.04,49.28,68.22,680.97,1,Corn
19.12,307.74,57.14,6.36,78.63,39.48,40.64,1477.14,0,Wheat
29.44,1475.53,67.73,7.06,89.53,49.5,56.07,1288.06,1,Corn
17.99,517.76,65.95,6.45,75.77,48.01,54.4,1116.59,1,Ragi
26.18,1155.34,60.12,5.9,77.26,38.09,39.79,1439.18,1,Ragi
24.45,974.89,33.73,7.9,33.05,26.54,21.0,348.61,0,Jowar
21.3,880.48,44.63,6.13,60.53,30.7,22.4,310.79,0,Jowar
29.77,791.95,39.64,6.91,37.17,25.93,20.32,444.61,0,Jowar
20.62,830.97,61.27,6.3,75.96,56.98,31.3,1543.68,1,Ragi
27.07,906.95,46.08,5.58,64.75,54.65,42.22,907.48,1,Ragi
16.3,704.5,38.05,6.92,58.06,41.72,31.53,2498.43,0,Wheat
8.43,688.48,55.07,6.84,73.39,52.93,46.18,2304.54,0,Wheat
24.97,1200.62,55.0,5.89,69.11,47.78,47.42,780.38,1,Corn
28.24,923.18,45.96,7.87,37.57,21.55,46.07,417.14,0,Jowar
18.35,1108.07,68.51,6.3,54.46,37.27,31.74,924.66,1,Ragi
26.98,2082.99,66.52,6.92,111.41,43.55,56.68,527.19,1,Rice
20.14,595.47,55.83,7.35,57.85,30.97,47.09,993.13,1,Ragi
20.4,280.29,40.75,6.72,90.24,54.49,45.01,864.92,0,Wheat
22.59,762.43,46.59,7.73,31.14,39.22,42.79,378.78,0,Jowar
34.44,830.02,51.54,6.68,30.43,19.91,35.6,370.79,0,Jowar
34.47,2445.36,91.81,5.82,98.8,72.29,69.81,111.98,1,Rice
20.89,1143.06,49.68,5.6,47.28,42.09,51.15,830.78,1,Ragi
17.53,491.73,40.85,6.95,67.75,45.7,30.25,1179.74,0,Wheat
23.82,1155.13,64.69,6.15,69.75,48.26,45.44,837.48,1,Ragi
32.43,1945.83,69.87,6.5,90.02,41.07,71.06,379.15,1,Rice
28.44,2328.65,77.96,6.07,91.88,48.43,70.77,234.94,1,Rice
28.85,697.91,44.28,6.13,51.11,30.27,38.91,1245.1,1,Ragi
33.62,457.86,46.23,6.39,30.63,28.58,23.13,343.12,0,Jowar
34.22,699.12,63.28,7.55,52.16,39.84,31.51,509.23,0,Jowar
25.47,994.88,64.84,6.55,32.47,41.7,34.08,55.9,0,Jowar
23.53,2176.76,77.89,5.63,82.37,67.38,42.25,486.51,1,Rice
27.77,644.66,66.41,5.66,95.56,66.82,60.55,1407.46,1,Corn
11.05,721.42,29.27,6.17,69.25,39.33,49.57,1790.2,0,Wheat
23.59,883.21,49.93,6.02,47.51,32.46,23.64,340.29,0,Jowar
31.53,759.29,63.69,6.74,56.82,21.61,31.59,478.98,0,Jowar
22.87,1145.87,52.6,6.91,45.75,45.54,61.01,1537.07,1,Ragi
31.59,609.98,76.52,5.9,98.08,50.4,53.34,1149.83,1,Corn
19.27,621.0,42.37,6.65,55.24,39.26,55.65,1783.87,0,Wheat
30.65,1762.59,63.18,6.23,80.65,75.89,49.87,392.71,1,Rice
33.19,859.28,52.38,7.67,47.66,27.64,36.36,284.37,0,Jowar
19.5,191.41,38.03,6.01,63.04,34.85,37.63,2718.75,0,Wheat
29.35,1910.13,83.15,6.76,98.06,52.39,50.67,119.73,1,Rice
18.98,1044.72,73.5,5.81,84.88,47.46,66.3,695.3,1,Corn
12.65,398.66,58.51,7.23,76.45,35.69,55.69,2399.31,0,Wheat
24.22,880.78,43.61,5.27,66.33,41.76,59.05,1103.2,1,Ragi
23.98,709.86,30.09,6.14,45.6,47.54,40.9,36.64,0,Jowar
27.01,719.7,46.7,7.12,57.85,22.77,41.97,62.8,0,Jowar
24.1,621.31,33.33,7.43,49.74,40.99,27.19,159.47,0,Jowar
7.36,415.46,29.73,7.42,86.79,41.05,51.67,1967.07,0,Wheat
29.08,1239.48,61.46,6.07,118.83,50.33,66.56,145.12,1,Rice
20.56,793.33,71.28,7.35,76.51,45.88,49.04,850.89,1,Corn
28.09,1151.48,78.71,5.88,97.5,55.78,59.79,415.7,1,Corn
29.09,1570.4,72.92,5.56,85.35,70.78,40.16,251.53,1,Rice
35.07,1554.34,80.64,6.02,112.35,46.17,79.73,281.66,1,Rice
28.68,919.83,62.59,7.27,61.89,34.66,25.16,251.43,0,Jowar
20.94,964.1,72.28,6.67,62.02,57.23,44.0,896.25,1,Corn
20.68,1183.39,40.86,6.42,42.12,33.85,42.4,1204.67,1,Ragi
25.18,2463.23,60.92,6.97,82.55,76.2,61.66,601.3,1,Rice
28.8,1076.95,78.03,7.16,94.21,60.49,49.44,345.8,1,Corn
28.4,717.06,43.62,6.37,75.94,28.91,35.94,1714.06,1,Ragi
33.99,724.79,48.43,6.28,29.98,44.27,22.59,316.6,0,Jowar
27.37,1360.25,61.55,7.26,69.05,50.11,44.87,1048.14,1,Corn
30.26,704.12,45.97,6.42,57.09,24.97,35.83,119.05,0,Jowar
31.43,588.52,57.93,6.24,35.82,29.48,31.51,166.93,0,Jowar
23.8,638.57,42.25,6.52,71.24,46.16,37.26,1404.42,1,Ragi
22.42,984.12,33.65,7.86,66.36,35.64,41.62,216.77,0,Jowar
22.93,771.89,65.24,6.23,58.57,44.51,55.2,1596.31,1,Ragi
32.38,1516.88,70.96,5.56,119.37,67.32,77.93,165.36,1,Rice
20.83,943.27,61.98,5.29,42.05,60.25,37.4,668.77,1,Ragi
24.87,1662.37,70.74,6.99,115.27,68.72,69.75,343.96,1,Rice
30.76,1693.7,87.65,5.69,92.96,44.09,76.53,521.87,1,Rice
25.06,1088.89,53.12,5.2,51.83,59.99,48.47,1457.55,1,Ragi
29.07,1989.88,72.32,5.86,93.84,70.05,40.31,66.97,1,Rice
29.85,490.76,36.62,6.91,47.59,43.45,38.57,205.52,0,Jowar
11.34,337.88,29.74,7.02,52.6,62.07,58.18,2679.01,0,Wheat
31.38,730.15,60.57,7.05,50.21,37.0,42.15,479.01,0,Jowar
17.49,309.54,45.35,6.33,87.71,62.11,48.5,2325.46,0,Wheat
22.15,700.22,57.4,6.07,45.85,33.01,45.91,1678.03,1,Ragi
34.07,427.98,50.35,7.6,52.94,30.57,24.95,452.36,0,Jowar
25.04,1090.96,56.7,5.39,69.39,48.19,52.12,1525.49,1,Ragi
24.58,682.11,56.73,6.44,56.56,54.24,37.1,1129.91,1,Ragi
5.33,435.28,27.64,6.71,66.89,45.57,31.6,1595.72,0,Wheat
27.72,745.46,58.16,7.36,48.14,48.04,26.05,509.5,0,Jowar
30.69,982.5,38.98,7.73,59.83,30.31,41.47,46.49,0,Jowar
31.96,1870.02,79.62,5.62,91.07,55.07,59.49,33.33,1,Rice
19.33,995.06,67.57,6.55,73.41,56.39,68.88,548.35,1,Corn
21.76,428.43,51.4,6.91,64.72,29.83,27.55,239.71,0,Jowar
24.68,518.58,53.01,7.19,52.22,32.95,52.86,1328.3,1,Ragi
6.36,317.9,40.07,6.38,65.22,66.07,60.03,2755.97,0,Wheat
21.48,933.9,42.6,5.22,47.11,45.7,36.58,941.49,1,Ragi
28.28,1884.94,75.4,6.52,86.69,41.93,53.05,430.14,1,Rice
28.86,748.79,47.96,7.93,57.16,41.89,44.75,93.6,0,Jowar
30.11,842.75,37.02,6.18,68.78,28.6,46.38,439.5,0,Jowar
26.71,1476.51,70.69,5.87,79.83,60.04,41.44,323.76,1,Corn
16.81,1175.08,68.47,5.4,51.29,32.55,37.7,1574.58,1,Ragi
14.6,842.36,40.11,6.39,75.3,58.03,45.2,1139.65,1,Ragi
24.52,1470.09,60.97,6.24,67.5,43.23,62.01,1222.0,1,Corn
16.76,703.53,66.73,5.81,77.32,43.09,33.91,1654.68,1,Ragi
10.27,534.74,38.13,6.19,89.92,60.97,33.8,2394.11,0,Wheat
31.72,2229.52,69.1,6.65,97.67,67.26,67.31,341.17,1,Rice
30.08,1895.69,83.08,5.65,109.97,61.34,78.21,201.98,1,Rice
27.14,898.52,55.58,6.22,69.68,41.85,64.11,1315.74,1,Corn
18.09,1130.89,76.43,6.84,99.03,41.72,66.92,1275.18,1,Corn
18.72,680.58,49.77,6.71,87.57,53.08,65.95,2615.56,0,Wheat
26.19,950.2,56.2,7.09,51.62,30.73,35.91,330.62,0,Jowar
31.11,533.69,42.38,6.96,44.06,43.2,30.43,74.61,0,Jowar
16.83,655.96,54.26,7.2,78.56,46.23,65.27,2060.42,0,Wheat
23.94,1621.64,82.1,6.21,95.0,55.76,58.36,470.79,1,Rice
21.89,780.26,56.47,7.55,67.17,32.92,49.23,439.1,0,Jowar
31.35,416.94,64.23,7.65,67.43,21.31,48.86,413.35,0,Jowar
6.29,715.76,46.67,6.58,52.87,54.13,41.9,1833.2,0,Wheat
6.14,746.78,33.51,6.85,76.62,36.47,64.73,1879.58,0,Wheat
23.12,629.3,42.78,7.27,72.41,52.53,31.19,1609.75,1,Ragi
33.65,2262.41,84.44,5.98,84.34,56.85,47.68,424.32,1,Rice
34.26,2489.0,81.14,6.97,102.46,50.17,57.27,354.0,1,Rice
28.88,768.71,63.02,7.26,74.56,35.96,59.17,1056.78,1,Ragi
20.75,281.33,31.9,6.36,86.93,56.19,57.38,1027.88,0,Wheat
12.19,259.14,29.53,7.22,84.83,37.81,33.57,913.5,0,Wheat
6.78,483.76,35.05,6.6,87.52,34.29,47.74,1005.62,0,Wheat
5.57,215.69,55.18,7.24,62.73,50.9,46.4,2920.41,0,Wheat
16.8,943.06,43.65,5.17,76.27,35.64,54.57,1252.87,1,Ragi
15.76,494.34,54.03,7.17,71.21,60.58,56.96,2519.59,0,Wheat
23.45,605.13,56.48,6.21,64.54,42.95,43.27,63.91,0,Jowar
21.62,861.21,53.39,5.09,54.8,36.24,33.88,1757.29,1,Ragi
31.16,2087.4,66.87,6.5,96.35,66.45,44.66,398.67,1,Rice
27.31,900.36,65.98,7.17,94.85,44.49,49.86,699.04,1,Corn
33.15,896.93,31.62,6.2,32.64,30.5,35.73,270.71,0,Jowar
22.69,1563.2,87.3,5.86,85.87,59.63,79.47,145.72,1,Rice
18.69,1461.57,58.25,7.24,75.45,43.51,42.35,487.16,1,Corn
22.12,538.47,31.6,6.88,41.96,46.66,38.71,312.67,0,Jowar
18.89,701.55,30.52,6.71,78.61,56.59,56.96,1296.96,0,Wheat
27.98,475.16,54.92,6.8,56.91,30.9,57.51,1204.99,1,Ragi
18.64,1280.82,62.91,7.5,64.11,65.81,54.54,1294.03,1,Corn
20.41,1010.8,49.82,7.27,45.43,35.6,45.04,700.78,1,Ragi
14.15,214.55,30.67,6.97,78.86,50.51,35.14,1781.11,0,Wheat
27.6,941.88,61.03,6.44,61.4,30.95,31.16,170.51,0,Jowar
19.36,633.97,54.14,6.3,85.69,41.37,30.56,2656.35,0,Wheat
23.14,1410.01,52.37,7.47,85.04,45.76,60.63,1218.66,1,Corn
24.44,450.92,39.09,7.65,68.55,34.37,19.85,65.58,0,Jowar
18.14,732.36,56.41,7.2,67.31,65.02,43.94,2211.54,0,Wheat
27.29,2369.05,70.63,6.93,82.53,66.79,59.06,225.65,1,Rice
27.26,879.9,48.56,5.16,46.82,57.07,50.8,902.03,1,Ragi
19.77,664.45,27.89,7.33,68.79,55.98,34.85,2275.05,0,Wheat
27.01,2281.8,79.88,6.53,115.75,58.39,79.16,345.36,1,Rice
22.11,2403.24,72.67,6.94,118.28,73.94,51.6,229.27,1,Rice
11.84,214.05,44.58,7.1,65.03,43.71,32.09,1234.28,0,Wheat
28.49,670.34,69.5,6.77,75.13,48.15,54.85,634.08,1,Ragi
15.78,774.46,52.82,7.09,56.82,59.66,47.4,2746.44,0,Wheat
28.77,1144.51,63.16,5.91,72.05,67.92,54.72,772.06,1,Corn
24.67,1238.99,77.92,6.32,110.47,76.74,44.31,450.2,1,Rice
30.57,1271.29,71.86,6.46,101.06,74.88,66.97,103.96,1,Rice
16.75,648.1,65.88,5.03,69.21,43.61,42.8,602.53,1,Ragi
26.99,825.16,43.89,6.33,46.4,37.72,48.76,37.54,0,Jowar
25.03,780.03,75.82,5.65,76.7,64.77,57.76,643.64,1,Corn
27.18,933.51,63.11,6.48,55.93,58.31,45.81,1321.85,1,Ragi
8.51,293.81,26.3,6.37,81.55,38.79,55.91,1358.11,0,Wheat
5.54,630.35,29.6,7.34,62.99,52.32,36.74,1317.2,0,Wheat
22.72,1087.51,60.24,5.86,77.9,57.68,36.6,650.49,1,Ragi
6.95,291.11,59.53,6.89,70.88,48.64,37.86,2384.4,0,Wheat
18.29,980.27,48.7,6.83,73.07,51.53,49.77,1684.29,1,Ragi
12.32,261.87,52.35,6.83,84.96,46.61,62.21,2754.75,0,Wheat
19.55,854.4,57.67,6.69,91.5,62.06,47.09,586.56,1,Corn
19.81,531.22,53.05,6.44,49.3,45.93,40.1,190.23,0,Jowar
20.42,853.25,55.12,7.02,87.15,58.15,50.71,1381.83,1,Corn
27.98,1125.62,61.21,6.93,82.59,54.81,56.07,1070.91,1,Corn
7.23,186.22,29.93,7.23,49.27,37.1,55.44,2078.83,0,Wheat
26.17,899.4,74.2,6.37,87.37,41.74,50.75,1468.62,1,Corn
15.99,615.94,53.66,7.01,63.77,43.6,61.84,842.05,0,Wheat
23.04,817.94,43.86,6.84,49.06,31.23,23.21,156.76,0,Jowar
8.18,411.26,33.25,6.55,59.82,50.68,58.34,2534.6,0,Wheat
26.71,2086.57,70.78,6.15,88.19,54.05,48.21,35.15,1,Rice
33.45,790.96,31.53,7.42,48.34,38.05,40.55,185.91,0,Jowar
33.92,836.3,45.74,7.13,57.28,37.48,46.08,175.6,0,Jowar
24.34,827.93,63.06,6.85,63.04,36.04,23.78,335.95,0,Jowar
15.42,325.48,24.74,7.18,68.09,39.7,32.53,927.61,0,Wheat
28.29,580.8,34.61,7.42,56.4,31.62,48.93,15.14,0,Jowar
27.17,736.69,41.55,6.07,40.65,29.69,34.54,97.84,0,Jowar
25.4,1270.07,75.73,6.9,81.26,44.68,57.88,558.25,1,Rice
16.69,507.18,39.58,7.18,58.16,59.86,48.58,2129.64,0,Wheat
8.69,609.86,42.3,7.0,59.35,50.01,44.59,2103.83,0,Wheat
21.96,1161.6,51.21,5.16,49.45,43.42,37.44,608.83,1,Ragi
30.93,584.59,57.56,6.85,47.65,35.08,41.08,133.64,0,Jowar
17.81,1036.14,52.52,6.99,70.31,52.82,42.12,639.1,1,Corn
9.32,331.13,42.58,6.47,55.5,45.42,60.15,2050.8,0,Wheat
24.47,2396.3,72.94,6.09,101.32,42.26,47.03,446.6,1,Rice
17.66,1133.89,62.57,6.6,94.22,67.93,57.86,1205.17,1,Corn
19.03,1282.06,52.56,7.54,97.15,50.42,49.22,772.68,1,Corn
18.77,1113.28,42.12,7.15,60.22,37.73,35.22,1756.04,1,Ragi
5.95,636.87,24.51,7.41,69.38,63.58,31.21,2075.55,0,Wheat
35.1,959.4,35.37,7.67,47.77,50.64,35.08,286.07,0,Jowar
28.1,1662.29,77.66,5.62,119.2,79.6,68.07,323.12,1,Rice
21.96,2136.79,78.89,6.18,112.23,71.2,62.39,510.7,1,Rice
17.28,910.37,44.2,7.41,57.4,44.73,37.09,1162.01,1,Ragi
19.97,650.18,36.17,7.4,52.84,63.5,38.45,818.53,0,Wheat
32.16,1314.49,77.33,6.21,105.21,42.27,62.88,333.69,1,Rice
16.42,766.08,50.94,6.81,87.41,46.81,49.71,2112.09,0,Wheat
21.93,984.23,60.33,7.78,65.37,36.19,39.34,272.11,0,Jowar
9.87,175.18,35.7,7.28,74.77,33.19,48.79,2743.94,0,Wheat
32.44,1312.75,71.58,5.7,115.76,65.76,54.06,46.38,1,Rice
27.27,895.96,60.44,6.49,46.24,34.97,46.97,484.31,0,Jowar
21.17,795.31,42.02,6.7,75.91,49.52,52.27,2723.54,0,Wheat
35.09,731.83,34.54,7.67,40.95,43.9,49.3,354.24,0,Jowar
14.91,680.27,52.35,6.51,72.58,34.94,32.82,1746.72,1,Ragi
29.32,1197.38,78.29,6.85,103.32,74.16,68.17,64.44,1,Rice
25.27,1155.13,53.66,6.29,98.96,58.48,51.13,1058.74,1,Corn
25.97,580.52,60.41,7.5,64.41,34.92,23.99,348.77,0,Jowar
18.18,480.26,48.45,7.08,58.42,59.5,44.95,1250.94,0,Wheat
20.19,787.62,44.08,6.35,60.86,42.89,33.41,137.37,0,Jowar
24.57,1489.28,56.27,5.64,94.82,66.35,54.46,920.0,1,Corn
21.21,439.54,27.51,6.59,56.19,38.29,51.87,950.73,0,Wheat
27.25,660.82,59.38,6.01,63.56,33.04,30.32,1689.63,1,Ragi
25.76,2378.13,88.09,5.98,93.44,59.74,77.16,520.89,1,Rice
11.53,614.22,56.45,6.98,67.86,56.6,51.76,926.65,0,Wheat
35.26,1593.7,89.77,6.11,96.83,54.55,62.59,101.87,1,Rice
13.53,557.76,31.3,6.4,75.02,45.99,59.63,1549.26,0,Wheat
19.0,768.41,63.07,7.4,89.18,65.82,48.89,1479.19,1,Corn
22.29,1013.99,55.61,6.77,80.03,43.12,45.95,875.74,1,Corn
26.41,2278.78,72.99,5.87,104.78,68.33,46.74,101.19,1,Rice
19.57,1040.53,42.02,6.19,38.97,29.79,44.87,1255.79,1,Ragi
18.63,1187.91,51.5,6.83,67.11,36.18,36.98,935.69,1,Ragi
18.57,355.8,34.61,6.48,74.85,36.63,34.27,2299.69,0,Wheat
6.53,674.39,52.93,7.03,62.9,47.96,34.68,1845.66,0,Wheat
18.99,545.01,49.52,5.2,68.44,57.51,57.62,1623.27,1,Ragi
21.05,470.74,55.91,6.28,52.78,58.75,33.9,2987.54,0,Wheat
33.58,519.22,47.12,6.86,59.48,28.82,40.53,451.95,0,Jowar
23.71,631.68,48.32,5.5,50.26,39.45,46.91,1308.16,1,Ragi
19.75,545.95,44.26,7.39,83.35,62.99,38.81,1965.31,0,Wheat
28.37,1010.67,51.66,7.83,58.35,35.8,47.18,251.09,0,Jowar
29.0,2362.39,88.37,6.17,93.09,65.04,77.84,139.87,1,Rice
6.5,190.09,27.77,6.41,70.61,31.26,33.79,1188.61,0,Wheat
6.66,617.06,32.05,6.25,63.47,52.29,37.62,1198.31,0,Wheat
19.5,1057.97,66.75,5.42,52.93,56.55,30.54,697.72,1,Ragi
20.49,847.45,63.06,7.33,48.16,21.75,48.0,239.14,0,Jowar
16.47,305.92,35.02,6.61,62.16,38.62,58.83,2210.54,0,Wheat
17.84,1156.67,69.1,5.93,76.63,46.15,37.89,1440.9,1,Ragi
19.42,719.22,68.28,6.55,62.51,41.8,40.59,1176.71,1,Corn
21.42,726.48,45.26,5.41,58.74,48.82,33.37,1737.01,1,Ragi
29.53,624.35,56.08,6.82,75.74,69.95,60.44,1452.59,1,Corn
28.47,2489.5,84.11,6.41,91.78,64.65,60.77,252.54,1,Rice
22.2,613.08,43.84,7.03,67.47,46.43,24.24,88.45,0,Jowar
29.32,609.06,74.23,5.76,94.28,61.1,44.15,971.08,1,Corn
15.72,552.7,58.1,7.08,54.45,41.41,48.81,938.25,1,Ragi
24.45,2229.77,79.92,6.25,102.45,68.93,49.3,599.38,1,Rice
19.91,606.11,66.16,5.93,67.74,45.0,36.85,1330.82,1,Ragi
29.13,1346.68,75.19,6.81,79.52,66.74,68.58,336.53,1,Corn
26.28,999.81,38.5,7.24,48.21,22.72,35.23,357.01,0,Jowar
34.64,1978.43,77.27,6.62,112.17,66.06,44.92,200.95,1,Rice
19.83,184.06,31.53,7.21,75.25,60.25,30.95,2102.8,0,Wheat
25.48,582.63,53.34,6.57,52.53,21.61,25.37,200.01,0,Jowar
29.12,1992.39,61.16,6.49,88.19,67.57,71.91,472.46,1,Rice
22.25,1599.21,79.87,6.98,114.59,41.42,76.42,474.65,1,Rice
17.17,784.48,50.3,7.51,78.37,31.78,59.53,1431.99,0,Wheat
20.39,1118.93,69.68,7.25,71.46,39.59,39.71,1768.66,1,Ragi
30.85,1822.57,61.33,5.8,105.68,41.94,72.94,286.05,1,Rice
30.36,1066.84,66.4,7.41,83.27,39.31,60.1,1370.45,1,Corn
25.96,1938.38,80.86,6.82,105.74,70.64,46.6,278.86,1,Rice
30.16,893.15,65.04,7.28,63.56,67.64,47.54,1123.94,1,Corn
24.63,801.11,35.72,7.38,35.4,32.95,27.6,376.03,0,Jowar
34.46,1623.88,74.12,5.78,103.92,50.88,47.94,306.51,1,Rice
30.73,1121.97,71.06,6.2,83.77,54.03,60.38,366.8,1,Corn
21.74,272.47,43.0,6.66,63.91,53.17,35.17,2382.44,0,Wheat
5.59,238.79,27.58,7.1,70.4,43.14,33.93,2413.26,0,Wheat
9.53,411.44,37.49,7.46,82.75,46.59,37.53,2589.62,0,Wheat
9.14,515.74,38.01,7.18,76.04,47.42,58.03,1324.91,0,Wheat
19.1,509.34,52.77,6.14,63.52,24.56,24.25,71.84,0,Jowar
19.71,473.36,25.27,6.61,57.67,51.98,53.91,1873.86,0,Wheat
25.78,1342.5,65.14,7.33,85.13,65.21,44.45,1326.43,1,Corn
23.03,1795.93,69.12,6.73,82.16,56.67,58.26,434.24,1,Rice
5.19,625.36,40.06,7.17,86.47,50.66,36.24,2517.72,0,Wheat
32.09,851.87,50.4,6.66,39.77,23.17,34.81,287.79,0,Jowar
26.23,897.3,67.04,5.8,98.86,67.87,46.74,722.5,1,Corn
24.43,1506.19,84.52,6.31,99.43,43.59,73.4,423.65,1,Rice
20.94,654.8,40.13,7.18,77.93,39.79,39.69,603.9,1,Ragi
22.21,2458.67,84.86,5.82,87.11,47.23,52.06,313.75,1,Rice
26.51,2145.75,62.14,5.98,101.85,71.81,52.93,377.31,1,Rice
25.12,1194.72,62.24,7.34,61.92,34.33,46.67,760.48,1,Ragi
17.38,204.01,55.53,6.14,55.22,55.44,60.01,1977.32,0,Wheat
28.61,606.99,49.83,6.67,32.8,49.42,23.45,32.5,0,Jowar
5.31,499.86,31.37,7.12,74.87,61.81,56.89,1192.53,0,Wheat
17.4,801.63,50.54,6.65,78.91,65.61,55.49,2482.03,0,Wheat
22.07,377.02,57.81,7.51,74.72,31.65,33.34,1864.35,0,Wheat
21.88,630.82,74.7,6.05,91.98,48.73,45.91,1469.51,1,Corn
23.86,1175.9,55.1,6.61,98.93,55.33,67.61,786.63,1,Corn
25.19,1345.6,53.64,5.66,67.16,63.61,62.4,984.82,1,Corn
18.53,1218.45,74.64,7.18,86.65,68.3,55.01,1393.34,1,Corn
13.05,736.27,57.78,7.37,59.49,37.47,39.75,1764.18,0,Wheat
28.03,543.04,62.6,5.87,60.01,58.44,40.54,1164.18,1,Ragi
26.45,714.6,60.08,6.63,67.93,64.32,69.46,560.68,1,Corn
24.97,667.92,52.76,6.99,54.99,36.45,42.32,354.18,0,Jowar
4.94,478.23,27.03,7.45,72.14,38.05,48.8,959.85,0,Wheat
18.23,617.58,52.1,5.6,88.37,53.2,48.92,788.37,1,Corn
20.78,561.11,59.17,6.21,72.98,58.1,48.56,1001.98,0,Wheat
14.98,490.81,35.42,6.83,76.48,30.74,46.11,924.93,0,Wheat
20.72,696.93,36.13,6.89,87.27,41.68,59.15,825.38,0,Wheat
24.72,607.11,52.9,6.0,68.02,58.01,38.36,1184.89,1,Corn
22.63,838.9,58.64,7.36,63.02,46.09,31.4,674.36,1,Ragi
17.61,598.15,54.01,7.03,71.44,38.35,56.09,1842.09,0,Wheat
31.16,1425.94,71.78,7.28,73.26,51.75,58.72,1051.48,1,Corn
12.16,495.13,41.36,7.47,52.24,63.57,50.65,2553.43,0,Wheat
17.77,231.62,56.72,6.06,68.34,54.75,43.21,1272.35,0,Wheat
23.2,1915.24,81.65,5.76,111.78,63.72,78.46,29.15,1,Rice
24.09,664.59,63.48,7.03,78.21,44.42,43.02,1497.84,1,Ragi
28.12,891.17,66.48,6.89,77.29,65.91,63.44,380.5,1,Corn
29.17,771.28,69.92,5.7,99.34,49.73,47.77,464.75,1,Corn
15.77,978.84,66.81,5.65,53.63,46.27,55.66,1722.33,1,Ragi
25.54,641.1,70.33,5.59,91.85,64.19,46.56,682.82,1,Corn
32.39,981.02,61.1,6.78,94.73,69.24,65.23,823.4,1,Corn
23.93,723.57,46.27,7.12,39.71,29.84,21.35,14.45,0,Jowar
15.96,536.09,43.43,6.45,76.88,44.73,55.11,1133.29,1,Ragi
21.85,863.5,40.27,6.06,68.79,43.33,52.01,880.07,1,Ragi
20.01,1366.71,71.33,6.79,74.85,46.91,68.43,1247.18,1,Corn
18.66,805.78,62.4,6.95,84.4,46.75,54.72,1407.63,1,Corn
25.56,1001.38,69.12,7.16,77.23,59.32,68.69,1308.37,1,Corn
25.95,1468.77,55.95,6.96,93.31,60.92,58.75,983.23,1,Corn
19.62,290.47,26.44,7.41,56.46,58.7,59.18,2362.82,0,Wheat
31.74,1342.75,62.21,7.1,75.38,45.9,41.89,771.7,1,Corn
19.29,1399.29,66.28,6.33,73.21,49.46,49.72,1367.26,1,Corn
25.08,842.67,73.12,6.96,66.36,66.79,45.91,1261.54,1,Corn
30.71,1161.56,76.59,5.55,65.45,43.55,62.15,391.2,1,Corn
20.88,588.1,32.84,6.37,68.27,61.16,34.97,2614.52,0,Wheat
27.65,1400.82,65.88,5.81,73.51,61.16,59.68,950.11,1,Corn
12.28,552.95,35.47,7.14,87.85,62.34,38.63,1291.19,0,Wheat
18.61,680.04,58.03,7.5,74.11,34.39,46.64,2538.47,0,Wheat
12.05,302.19,41.44,6.58,80.85,56.08,34.04,988.24,0,Wheat
19.08,376.93,44.67,7.48,55.31,55.06,64.83,1472.79,0,Wheat
16.67,549.31,55.53,6.0,63.12,32.39,42.64,806.86,1,Ragi
24.91,521.36,69.29,5.13,46.43,30.89,47.48,1723.46,1,Ragi
27.99,884.05,57.73,7.16,61.28,25.79,21.54,437.17,0,Jowar
18.51,594.77,55.5,6.66,84.83,59.68,44.73,1632.34,0,Wheat
22.34,667.2,58.96,5.11,53.73,44.51,34.9,1786.16,1,Ragi
18.33,1120.01,60.04,6.39,63.41,29.21,46.87,1194.72,1,Ragi
23.22,792.89,45.52,7.46,74.8,45.4,48.54,877.18,1,Ragi
30.56,821.6,54.09,7.9,63.94,21.94,34.81,205.75,0,Jowar
20.56,949.57,51.63,6.87,69.14,48.7,42.99,1331.14,1,Corn
5.07,720.64,30.06,7.28,62.65,42.54,31.02,1515.66,0,Wheat
24.98,803.48,31.8,7.85,38.55,49.76,24.91,383.46,0,Jowar
19.62,941.71,50.52,5.37,63.62,54.27,41.3,757.1,1,Ragi
26.22,958.24,57.47,6.4,35.24,40.28,36.8,394.85,0,Jowar
17.37,990.14,55.84,6.58,47.52,36.13,31.02,984.24,1,Ragi
35.27,625.54,51.86,7.9,38.01,42.42,43.54,53.35,0,Jowar
6.03,830.66,39.58,7.33,74.16,36.41,59.76,2380.03,0,Wheat
22.91,734.47,65.23,7.19,68.23,32.28,47.86,1524.68,1,Ragi
12.77,761.85,48.81,6.63,54.88,41.2,50.06,1416.69,0,Wheat
31.96,1478.43,57.67,5.72,66.86,61.68,62.39,1115.27,1,Corn
23.86,1071.44,62.75,6.55,60.58,34.7,38.54,1109.95,1,Ragi
16.6,222.08,36.58,6.61,53.46,37.98,31.53,2988.99,0,Wheat
24.69,2061.02,59.97,5.64,111.06,46.52,65.49,136.69,1,Rice
19.65,814.59,35.26,6.19,38.41,30.67,33.55,15.01,0,Jowar
17.21,735.92,51.38,5.12,62.4,55.91,33.93,1311.15,1,Ragi
24.16,1421.04,76.37,5.66,64.27,54.19,42.53,707.99,1,Corn
28.99,1146.09,45.9,5.89,45.52,44.99,43.51,1677.85,1,Ragi
33.04,686.95,53.19,6.47,58.44,44.07,35.1,317.88,0,Jowar
21.54,1376.7,59.87,5.91,78.01,63.09,70.14,1282.86,1,Corn
7.93,594.32,30.38,7.35,59.0,40.05,59.63,1807.15,0,Wheat
27.04,1182.32,52.54,6.13,99.26,60.05,61.6,552.45,1,Corn
29.37,825.48,42.38,6.23,33.38,38.06,36.01,375.03,0,Jowar
28.73,1366.71,73.32,6.76,80.49,61.22,51.68,1309.11,1,Corn
23.07,841.89,54.47,6.49,66.1,23.11,49.46,429.9,0,Jowar
34.21,1998.59,73.13,6.16,109.9,41.51,66.17,227.11,1,Rice
31.97,1406.22,74.18,6.04,84.39,59.87,77.26,28.31,1,Rice
21.48,868.52,43.83,7.2,64.2,47.15,31.14,1306.58,1,Ragi
32.86,564.35,52.05,7.19,45.87,35.3,30.13,78.11,0,Jowar
30.6,1592.96,66.58,6.11,114.13,57.06,71.41,89.09,1,Rice
15.35,668.31,66.29,6.04,68.59,57.4,42.09,828.03,1,Ragi
17.16,645.68,35.25,6.45,69.15,31.03,57.89,1500.23,0,Wheat
20.55,971.63,60.76,6.32,91.13,54.93,68.67,657.0,1,Corn
27.85,706.58,32.02,7.38,53.99,25.03,33.44,353.76,0,Jowar
22.9,417.67,38.28,6.33,88.71,57.98,35.62,2979.08,0,Wheat
17.58,626.99,64.46,6.56,42.94,49.44,40.03,1050.08,1,Ragi
16.69,280.71,54.95,6.44,67.53,47.99,59.34,2845.29,0,Wheat
25.21,604.01,46.11,6.21,75.16,35.4,33.37,1501.22,1,Ragi
9.55,401.7,33.58,7.37,70.58,53.28,44.86,2191.39,0,Wheat
21.44,978.58,43.41,7.84,62.16,43.29,38.83,319.67,0,Jowar
20.95,871.78,63.27,6.23,82.15,58.76,57.77,1092.69,1,Corn
27.64,808.23,58.32,5.24,54.16,33.13,59.29,1573.14,1,Ragi
23.34,867.03,47.84,6.88,47.55,36.24,44.37,949.0,1,Ragi
25.16,1685.24,77.29,5.89,104.34,55.96,61.66,257.49,1,Rice
22.79,530.6,45.6,6.7,64.78,29.87,30.02,179.94,0,Jowar
20.68,570.38,59.47,6.8,77.93,31.65,51.79,2479.04,0,Wheat
24.51,1308.85,72.77,6.59,64.35,68.36,54.24,741.74,1,Corn
17.44,726.28,52.24,7.06,43.81,51.39,45.28,938.94,1,Ragi
27.1,866.32,44.78,6.77,59.1,47.23,42.93,1585.49,1,Ragi
33.14,418.79,36.83,6.09,44.52,48.18,23.84,312.53,0,Jowar
22.35,641.4,57.21,6.91,50.64,49.28,31.4,301.99,0,Jowar
26.02,936.54,64.26,6.2,38.57,48.01,48.25,43.82,0,Jowar
28.01,1163.68,64.94,5.25,76.64,41.86,29.44,1122.5,1,Ragi
32.29,2060.87,65.72,6.33,119.98,77.89,42.12,102.82,1,Rice
32.16,2303.7,83.1,6.45,85.66,41.58,77.11,372.73,1,Rice
20.63,922.09,55.86,6.32,33.13,20.89,21.27,345.27,0,Jowar
23.04,1619.16,85.57,5.54,112.92,51.5,44.95,420.29,1,Rice
22.77,819.05,57.21,6.25,49.95,22.95,38.77,140.44,0,Jowar
32.78,1908.45,81.58,5.98,99.25,73.14,58.64,217.39,1,Rice
22.43,1330.01,59.7,5.97,100.38,42.32,70.7,496.48,1,Corn
8.7,532.59,46.14,7.5,58.17,48.39,42.2,1957.76,0,Wheat
35.32,1253.36,87.64,6.46,120.01,59.32,74.61,44.6,1,Rice
31.75,1616.34,79.65,6.1,108.98,48.27,75.91,175.46,1,Rice
21.08,968.46,59.51,5.17,55.46,35.22,34.47,1590.45,1,Ragi
8.43,453.17,39.34,6.06,73.09,48.92,32.42,2871.8,0,Wheat
30.83,1490.18,66.72,6.82,90.25,50.71,40.2,524.17,1,Rice
17.65,1038.33,57.65,5.7,59.88,40.62,47.98,1672.84,1,Ragi
27.9,1254.3,67.23,7.46,88.08,67.2,61.33,1185.66,1,Corn
23.1,819.66,37.98,7.55,45.94,42.88,23.02,219.8,0,Jowar
33.49,643.11,48.23,6.95,47.7,43.12,35.66,156.96,0,Jowar
23.42,696.13,69.88,6.38,79.61,43.3,43.1,989.21,1,Corn
22.49,612.86,59.86,5.44,75.52,48.81,35.13,1758.95,1,Ragi
27.23,760.53,47.55,6.13,66.9,34.41,38.75,80.41,0,Jowar
23.93,899.59,74.46,7.0,71.93,42.47,41.54,406.96,1,Corn
19.3,838.06,63.18,6.83,64.75,33.96,45.7,697.79,1,Ragi
16.53,417.83,29.07,7.28,73.72,41.85,30.51,1976.45,0,Wheat
24.11,1237.36,64.28,5.89,85.9,42.76,44.04,268.58,1,Rice
17.22,777.25,31.53,7.0,60.88,62.37,34.22,2250.98,0,Wheat
27.43,1488.82,63.6,6.01,117.72,52.93,60.76,421.85,1,Rice
29.13,564.75,55.08,7.19,42.98,20.75,42.49,107.28,0,Jowar
22.15,660.73,60.51,6.76,54.89,35.95,40.21,494.77,0,Jowar
18.98,659.83,44.41,7.16,60.41,50.52,37.44,1512.34,1,Ragi
26.11,1277.02,88.76,6.71,113.34,77.01,42.9,226.31,1,Rice
23.77,2355.31,73.63,5.8,94.91,56.7,73.24,441.53,1,Rice
23.4,937.65,56.27,6.83,52.78,52.53,42.56,1176.76,1,Ragi
22.43,1281.11,87.18,5.71,101.27,56.43,53.88,539.73,1,Rice
24.29,852.69,67.28,5.96,66.19,43.64,44.34,910.91,1,Ragi
21.93,587.02,54.83,7.48,54.98,25.89,36.51,274.01,0,Jowar
25.01,559.21,49.09,7.66,34.72,48.68,44.25,94.56,0,Jowar
25.78,1500.83,69.23,5.9,84.16,59.46,70.41,375.09,1,Rice
5.58,598.91,36.86,6.02,59.72,40.6,51.37,1177.46,0,Wheat
27.81,1006.02,48.77,6.83,44.3,32.72,39.18,1557.38,1,Ragi
11.54,675.76,40.43,7.44,65.73,51.5,30.52,2224.95,0,Wheat
23.35,2468.96,89.47,6.71,121.44,62.97,79.7,57.28,1,Rice
20.93,261.92,36.34,6.47,55.48,57.98,56.22,1861.95,0,Wheat
27.94,562.4,34.94,6.79,37.93,35.14,25.06,245.13,0,Jowar
31.89,701.93,71.71,5.6,61.1,43.09,68.9,1428.35,1,Corn
6.7,582.41,34.54,7.32,74.75,51.21,48.19,886.78,0,Wheat
19.02,845.9,57.3,5.96,67.46,57.08,49.68,1282.76,1,Corn
28.57,1071.07,57.7,6.83,54.9,49.44,44.19,829.99,1,Ragi
8.75,593.41,41.24,6.74,54.87,58.03,51.43,1096.14,0,Wheat
31.27,807.92,34.45,7.46,50.74,47.31,48.08,32.4,0,Jowar
13.13,787.37,45.06,7.08,87.88,36.49,39.39,1049.56,0,Wheat
28.63,1839.55,77.29,6.8,119.19,56.28,73.08,458.48,1,Rice
21.95,680.66,32.78,6.72,54.42,49.29,47.36,83.37,0,Jowar
24.01,2155.53,85.12,5.84,101.12,74.22,69.9,331.22,1,Rice
29.27,2045.64,77.43,6.16,93.46,73.38,59.61,275.99,1,Rice
23.6,1416.85,64.78,6.56,74.58,49.15,60.53,452.3,1,Corn
18.51,583.87,43.52,5.67,69.62,55.78,57.86,864.77,1,Ragi
15.55,1017.0,61.98,6.58,80.79,40.14,40.99,702.61,1,Ragi
27.88,980.62,41.69,6.96,74.0,54.09,45.37,880.68,1,Ragi
22.33,1447.69,67.08,6.91,84.6,44.17,69.38,452.33,1,Corn
13.4,237.71,40.78,7.38,77.81,32.06,37.2,2275.55,0,Wheat
15.94,225.73,31.01,6.93,75.21,56.8,43.81,2386.65,0,Wheat
26.91,987.0,55.05,7.89,62.7,46.62,43.97,224.95,0,Jowar
30.4,823.3,56.5,7.32,70.85,48.9,55.37,1651.63,1,Ragi
24.25,1210.65,55.76,5.48,72.14,68.01,59.8,771.08,1,Corn
34.86,841.79,41.92,6.66,48.85,39.39,25.0,100.54,0,Jowar
29.33,887.32,61.71,7.25,30.58,25.83,23.23,184.03,0,Jowar
22.85,1132.88,67.88,6.61,95.96,59.82,51.69,1330.68,1,Corn
11.65,690.46,30.85,6.81,77.94,61.01,60.31,1912.91,0,Wheat
20.14,1270.25,61.24,7.22,79.62,39.75,60.59,423.14,1,Corn
29.38,590.72,49.05,6.19,57.28,41.84,49.04,131.04,0,Jowar
31.85,1469.54,89.06,6.06,93.55,46.27,52.54,529.15,1,Rice
23.55,1506.11,75.52,6.54,104.97,50.24,77.23,433.14,1,Rice
21.94,899.89,55.61,6.18,58.42,34.11,53.2,1238.28,1,Ragi
21.48,828.57,48.1,6.89,61.11,40.02,48.28,1798.86,1,Ragi
22.43,1082.71,62.45,7.44,74.46,64.06,66.37,829.8,1,Corn
29.07,762.12,67.23,7.47,71.69,63.87,54.75,348.12,1,Corn
16.75,397.34,46.56,6.08,54.1,54.64,42.96,2277.76,0,Wheat
31.15,980.93,68.17,6.82,81.07,45.63,62.13,1259.21,1,Corn
23.91,1738.14,62.52,6.99,100.02,63.77,42.64,449.54,1,Rice
25.64,1247.82,63.88,5.53,61.33,55.31,60.74,550.12,1,Corn
22.94,658.83,31.98,7.64,34.59,46.8,45.63,229.34,0,Jowar
25.16,773.42,54.43,5.0,66.61,49.14,30.45,1034.85,1,Ragi
23.61,791.15,65.73,7.35,85.72,45.28,60.57,813.53,1,Corn
29.13,1168.87,51.36,5.35,61.17,33.67,58.31,823.17,1,Ragi
22.6,1494.28,82.98,5.53,102.03,78.96,73.37,304.32,1,Rice
32.3,2356.89,69.14,5.65,88.52,56.68,72.32,512.42,1,Rice
24.93,2062.51,82.28,6.77,96.95,52.14,53.04,427.85,1,Rice
28.6,502.84,60.18,6.79,72.37,58.51,58.55,671.13,1,Ragi
27.63,1640.23,74.3,6.66,86.05,48.53,78.73,112.06,1,Rice
31.53,899.9,76.76,7.2,68.7,58.91,42.36,1305.89,1,Corn
29.13,1523.91,88.41,6.21,111.52,61.53,41.26,375.08,1,Rice
20.26,461.46,63.9,6.61,33.68,22.59,40.97,421.1,0,Jowar
32.95,1934.78,76.54,5.88,84.7,76.54,76.67,386.37,1,Rice
15.6,895.53,54.59,6.27,44.1,51.34,45.9,1526.24,1,Ragi
16.38,400.48,43.35,6.68,63.97,59.96,47.2,2634.77,0,Wheat
31.8,1449.85,73.48,6.56,69.09,56.97,63.57,1380.91,1,Corn
22.94,575.76,46.89,7.92,40.24,42.18,33.41,151.22,0,Jowar
19.46,720.64,68.17,7.22,74.86,44.07,61.68,1288.82,1,Corn
27.7,890.14,30.45,6.71,38.41,32.7,21.45,469.9,0,Jowar
25.58,1141.77,68.42,6.36,69.71,63.7,45.15,438.07,1,Corn
22.64,813.13,76.82,7.19,82.23,54.97,67.28,1412.48,1,Corn
17.2,794.31,48.34,6.95,73.5,34.01,56.44,2133.61,0,Wheat
21.36,944.08,54.25,6.88,50.51,32.67,39.91,1178.34,1,Ragi
12.8,616.43,50.59,6.99,71.57,60.65,45.5,932.32,0,Wheat
16.04,828.49,47.33,6.18,58.41,47.59,40.83,798.37,1,Ragi
33.77,480.78,53.52,6.01,67.02,23.39,22.87,166.7,0,Jowar
33.65,2200.54,86.71,6.17,81.28,59.85,56.1,485.89,1,Rice
18.07,588.91,48.44,6.71,75.98,32.32,59.34,917.52,0,Wheat
25.4,897.57,45.78,7.44,34.12,45.26,41.95,104.66,0,Jowar
24.09,845.77,59.08,5.04,48.4,45.14,58.92,1064.34,1,Ragi
27.29,698.21,57.86,7.35,87.18,40.66,46.39,1121.93,1,Corn
16.09,583.3,44.97,6.4,65.88,34.08,38.62,2781.87,0,Wheat
16.52,535.89,61.15,7.3,56.36,33.0,44.8,1012.88,1,Ragi
34.05,604.95,47.88,6.04,30.68,27.47,23.29,132.79,0,Jowar
29.02,1082.93,48.57,5.18,46.3,33.48,33.37,1218.98,1,Ragi
27.15,953.92,65.09,7.26,64.55,63.89,45.26,345.42,1,Corn
34.55,589.99,64.39,6.16,55.82,22.85,47.95,276.24,0,Jowar
26.18,974.99,51.03,5.28,59.21,35.28,59.84,1184.35,1,Ragi
31.68,1288.93,62.24,6.03,117.42,66.57,66.98,215.46,1,Rice
25.92,1634.28,80.79,6.82,114.01,70.21,64.7,40.64,1,Rice
28.46,1001.37,78.51,6.01,86.95,67.98,59.66,1343.11,1,Corn
20.35,781.73,43.52,7.21,56.69,41.68,49.85,1131.06,1,Ragi
29.0,937.65,42.32,7.09,51.36,31.91,48.04,95.88,0,Jowar
22.24,1820.51,82.32,6.52,79.74,41.4,54.6,162.03,1,Rice
20.3,808.42,46.59,6.24,38.16,21.66,36.96,308.28,0,Jowar
24.67,917.34,60.9,7.21,82.25,61.6,66.98,1382.74,1,Corn
28.76,2038.96,81.89,6.75,90.42,60.1,72.18,579.46,1,Rice
33.22,817.23,52.83,6.71,64.72,22.49,47.46,269.75,0,Jowar
25.27,793.46,66.16,7.17,84.73,59.08,56.3,1413.4,1,Corn
24.19,1346.36,77.3,6.01,83.95,63.7,49.32,797.33,1,Corn
23.31,1377.89,60.58,5.73,104.27,73.73,71.03,395.72,1,Rice
25.11,615.02,54.67,6.85,74.79,48.86,50.15,752.29,1,Ragi
22.27,1175.29,62.99,7.09,64.7,62.68,40.91,522.65,1,Corn
8.62,534.84,29.09,6.44,58.64,44.09,34.11,872.2,0,Wheat
31.51,1804.72,69.46,7.03,98.93,59.31,47.8,489.41,1,Rice
11.44,805.6,47.08,7.24,62.51,38.63,58.72,2321.74,0,Wheat
23.66,481.3,54.81,7.35,69.37,42.79,22.46,451.12,0,Jowar
20.8,848.76,47.76,7.3,50.21,34.83,25.23,140.09,0,Jowar
27.21,1334.97,64.28,7.16,82.42,50.87,60.46,1168.44,1,Corn
27.95,1350.79,89.72,6.76,85.26,77.01,74.97,313.09,1,Rice
24.28,1264.32,56.2,5.93,97.22,68.18,69.27,1264.7,1,Corn
30.17,2444.35,77.37,5.59,81.92,77.32,51.15,47.87,1,Rice
31.78,689.49,62.65,6.11,96.12,66.02,47.07,396.86,1,Corn
25.36,847.81,64.84,7.39,41.7,60.02,33.13,1582.72,1,Ragi
33.81,2452.47,86.37,6.73,106.97,62.54,43.99,250.14,1,Rice
9.61,409.31,40.91,6.81,68.67,47.72,40.91,1154.34,0,Wheat
23.3,397.85,39.41,7.45,29.97,25.29,39.9,378.48,0,Jowar
14.35,258.51,32.74,6.78,57.49,52.43,45.86,2485.0,0,Wheat
29.59,685.48,31.85,6.04,35.47,39.94,37.48,281.36,0,Jowar
20.02,703.11,47.11,7.03,68.12,46.78,24.29,178.8,0,Jowar
23.1,1114.79,57.49,5.83,89.82,67.63,42.24,478.93,1,Corn
26.16,852.56,56.61,6.88,60.44,44.33,38.81,105.89,0,Jowar
24.46,1432.31,71.48,6.93,60.44,55.55,53.07,1403.98,1,Corn
28.93,592.89,57.16,7.68,42.68,44.98,22.93,417.1,0,Jowar
